date_of_extract_x,organisation_number,registered_charity_number_x,linked_charity_number,charity_name,charity_type,charity_registration_status,date_of_registration,date_of_removal,charity_reporting_status,latest_acc_fin_period_start_date,latest_acc_fin_period_end_date,latest_income,latest_expenditure,charity_contact_address1,charity_contact_address2,charity_contact_address3,charity_contact_address4,charity_contact_address5,charity_contact_postcode,charity_contact_phone,charity_contact_email,charity_contact_web,charity_company_registration_number,charity_insolvent,charity_in_administration,charity_previously_excepted,charity_is_cdf_or_cif,charity_is_cio,cio_is_dissolved,date_cio_dissolution_notice,charity_activities,charity_gift_aid,charity_has_land,date_of_extract_y,registered_charity_number_y,latest_fin_period_submitted_ind,fin_period_order_number,ar_cycle_reference,fin_period_start_date,fin_period_end_date,ar_due_date,ar_received_date,total_gross_income,total_gross_expenditure,charity_raises_funds_from_public,charity_professional_fundraiser,charity_agreement_professional_fundraiser,charity_commercial_participator,charity_agreement_commerical_participator,grant_making_is_main_activity,charity_receives_govt_funding_contracts,count_govt_contracts,charity_receives_govt_funding_grants,count_govt_grants,income_from_government_contracts,income_from_government_grants,charity_has_trading_subsidiary,trustee_also_director_of_subsidiary,does_trustee_receive_any_benefit,trustee_payments_acting_as_trustee,trustee_receives_payments_services,trustee_receives_other_benefit,trustee_resigned_employment,employees_salary_over_60k,count_salary_band_60001_70000,count_salary_band_70001_80000,count_salary_band_80001_90000,count_salary_band_90001_100000,count_salary_band_100001_110000,count_salary_band_110001_120000,count_salary_band_120001_130000,count_salary_band_130001_140000,count_salary_band_140001_150000,count_salary_band_150001_200000,count_salary_band_200001_250000,count_salary_band_250001_300000,count_salary_band_300001_350000,count_salary_band_350001_400000,count_salary_band_400001_450000,count_salary_band_450001_500000,count_salary_band_over_500000,count_volunteers,geographic_area_description,geographic_area_type,service_level,income_band
2026-02-13T00:00:00,4026952,1117150,0,MOBILITY HELP FOR DISABLED PEOPLE IN AFRICA AND THE UK,Other,Registered,2006-12-06T00:00:00,,Submission Received,2024-01-01T00:00:00,2024-12-31T00:00:00,10550.0,10578.0,1 OAKLANDS PLACE,CLAPHAM COMMON,LONDON,,,SW4 7BY ,07462476276,info.@mobilityhelpfordisabled.org,www.mobilityhelpfordisabled.org.uk,,False,False,0.0,,0.0,0.0,,"We Organise social events and activities for the disabled in London We visit the physically disabled in hospitals, Prisons and Nursing Homes throughout the greater london area.We provide information and materials on disability issues We collect equipment to aid mobility for people in Africa particularly in Nigeria  Ghana, Ivory Coast and Sierra Leone",0.0,0.0,2026-03-05T00:00:00,1117150,True,1,AR24,2024-01-01T00:00:00,1735603200000,2025-10-31T00:00:00,2025-07-05T00:00:00,10550,10578,,,,,,0.0,,0.0,,0.0,,,0.0,,0.0,0.0,0.0,0.0,0.0,,,,,,,,,,,,,,,,,,,10.0,"['Lambeth', 'Lewisham', 'Southwark', 'Ghana', 'Ivory Coast', 'Nigeria', 'Sierra Leone']","['Local Authority', 'Country']",International,q1
2026-02-13T00:00:00,5043843,1156094,0,UNDER THE MANGO TREE (FRIENDS OF KAMBE TIMBONI SCHOOL),Other,Registered,2014-03-11T00:00:00,,Submission Received,2024-01-01T00:00:00,2024-12-31T00:00:00,11866.0,15910.0,73 Carlton Road,Northwich,,,,CW9 5PW,01606352110,utmtcharity@gmail.com,www.underthemangotree.org.uk,,False,False,0.0,,0.0,0.0,,"The charity supports a small rural school in Kenya, the Kambe Timboni Community School. The charity raises funds and invests these funds in helping the school infrastructure to develop and also supporting teaching.",1.0,0.0,2026-03-05T00:00:00,1156094,True,1,AR24,2024-01-01T00:00:00,1735603200000,2025-10-31T00:00:00,2025-03-09T00:00:00,11866,15910,,,,,,0.0,,0.0,,0.0,,,0.0,,0.0,0.0,0.0,0.0,0.0,,,,,,,,,,,,,,,,,,,12.0,"['Throughout England', 'Kenya']","['Region', 'Country']",International,q1
2026-02-13T00:00:00,5160937,1191287,0,TETARA DEBI EDUCATION CHARITY,CIO,Registered,2020-09-15T00:00:00,,Submission Received,2024-04-01T00:00:00,2025-03-31T00:00:00,7177.0,6880.0,20 BRUNEL CLOSE,ROMFORD,,,,RM1 4GR,01708729140,carolsingh@aol.com,https://tdebi.in/,,False,False,0.0,,1.0,0.0,,"The activities of the Tetara Debi Education Charity are designed to support the establishment and running of the Tetara Debi Academy, a small 5-18 school in Sikandarpur, a village in Siwan district in the north east of India.  It aims to  provide a high quality education based on effective teaching and learning for local children who would otherwise have no opportunity to fulfill their potential.",1.0,1.0,2026-03-05T00:00:00,1191287,True,1,AR25,2024-04-01T00:00:00,1743379200000,2026-01-31T00:00:00,2026-01-31T00:00:00,7177,6880,,,,,,0.0,,0.0,,0.0,,,0.0,,0.0,0.0,0.0,0.0,0.0,0.0,,,,,,,,,,,,,,,,,,2.0,['India'],['Country'],International,q1
2026-02-13T00:00:00,5219192,1203442,0,ZONGO DEVELOPMENT CHARITY,CIO,Registered,2023-06-06T00:00:00,,Submission Received,2024-01-01T00:00:00,2024-12-31T00:00:00,3400.0,0.0,1 CYPRESS ROAD,DUDLEY,,,,DY2 7NS,07737733941,zongodevopmentcharity@gmail.com,,,False,False,0.0,,1.0,0.0,,"The prevention or relief of poverty or financial hardship anywhere in the world by providing or assisting in the provision of education, training, healthcare projects and all the necessary support designed to enable individuals to generate a sustainable income and be self-sufficient.",0.0,0.0,2026-03-05T00:00:00,1203442,True,1,AR24,2024-01-01T00:00:00,1735603200000,2025-10-31T00:00:00,2025-10-11T00:00:00,3400,0,,,,,,0.0,,0.0,,0.0,,,0.0,,0.0,0.0,0.0,0.0,0.0,,,,,,,,,,,,,,,,,,,6.0,"['Throughout England And Wales', 'Ghana', 'Nigeria', 'Togo']","['Region', 'Country']",International,q1
2026-02-13T00:00:00,5036731,1157874,0,ARF TRUST,Other,Registered,2014-07-16T00:00:00,,Submission Received,2023-07-16T00:00:00,2024-07-15T00:00:00,15592.0,21189.0,CHANT SQUARE,LONDON,,,,E15 4RT,07878083194,arfcharity@live.co.uk,www.arftrust.org,,False,False,0.0,,0.0,0.0,,"ARF TRUST operates in the Sylhet region of Bangladesh providing relief and aid to eradicate poverty and also provides health care, medical aid and emergency disaster and famine relief. ARF TRUST aims to promote and advance education, training and development of skills and employment.",1.0,0.0,2026-03-05T00:00:00,1157874,True,1,AR24,2023-07-16T00:00:00,1721001600000,2025-05-15T00:00:00,2025-04-14T00:00:00,15592,21189,,,,,,0.0,,0.0,,0.0,,,0.0,,0.0,0.0,0.0,0.0,0.0,,,,,,,,,,,,,,,,,,,0.0,"['Throughout London', 'Bradford City', 'Bangladesh']","['Region', 'Local Authority', 'Country']",International,q1
2026-02-13T00:00:00,5170175,1192657,0,UMMAH CENTER,CIO,Registered,2020-12-04T00:00:00,,Submission Received Late,2024-04-01T00:00:00,2025-03-31T00:00:00,9798.0,3016.0,2 Carwood Grove,SHEFFIELD,,,,S4 7FE,07766095088,sheffield.ummahcenter@gmail.com,sheffieldafghans.org,,False,False,0.0,,1.0,0.0,,Soon to be added,1.0,0.0,2026-03-05T00:00:00,1192657,True,1,AR25,2024-04-01T00:00:00,1743379200000,2026-01-31T00:00:00,2026-02-07T00:00:00,9798,3016,,,,,,0.0,,0.0,,0.0,,,0.0,,0.0,0.0,0.0,0.0,0.0,0.0,,,,,,,,,,,,,,,,,,0.0,"['Throughout England', 'Afghanistan']","['Region', 'Country']",International,q1
2026-02-13T00:00:00,5194929,1198945,0,EMPOWERING COMMUNITIES FOR LIFE,CIO,Registered,2022-05-12T00:00:00,,Submission Received,2024-03-16T00:00:00,2025-03-15T00:00:00,2152.0,2239.0,8 PERRY VALE,FOREST HILL,LONDON,,,SE23 2LD,07572105791,ECFL@yahoo.com,,,False,False,0.0,,1.0,0.0,,"Empowering Communities For Life (ECFL) is a charity that values education, equality, inclusivity and health well-being principles. Founded in 2016, ECFL has been working intimately with a country in western Africa, The Gambia. Poverty, physical/ mental ill-health, lack of educational resources and limited support for children with Special Educational Needs (SEN)",0.0,0.0,2026-03-05T00:00:00,1198945,True,1,AR25,2024-03-16T00:00:00,1741996800000,2026-01-15T00:00:00,2025-12-10T00:00:00,2152,2239,,,,,,0.0,,0.0,,0.0,,,0.0,,0.0,0.0,0.0,0.0,0.0,,,,,,,,,,,,,,,,,,,0.0,"['Throughout England', 'The Gambia']","['Region', 'Country']",International,q1
2026-02-13T00:00:00,5158275,1189509,0,OPAAT FOUNDATION (ONE PERSON AT A TIME FOUNDATION),CIO,Registered,2020-05-15T00:00:00,,Submission Received,2024-04-01T00:00:00,2025-03-31T00:00:00,340.0,0.0,29 THORNDIKE AVENUE,ALVASTON,DERBY,,,DE24 8NA,07944497568,tamojami@yahoo.co.uk,,,False,False,0.0,,1.0,0.0,,"We provide financial and material help to students at Kashika combine schoolWe also provide help to mulele old peoples villageAnd we  have plans to offer assistance to the health center in the village as we get donations.All the above activities are done at Kashika Village in Rufunsa, Zambia",0.0,0.0,2026-03-05T00:00:00,1189509,True,1,AR25,2024-04-01T00:00:00,1743379200000,2026-01-31T00:00:00,2026-01-16T00:00:00,340,0,,,,,,0.0,,0.0,,0.0,,,0.0,,0.0,0.0,0.0,0.0,0.0,,,,,,,,,,,,,,,,,,,0.0,['Zambia'],['Country'],International,q1
2026-02-13T00:00:00,5159241,1189130,0,ONE MILE CLOSER,CIO,Registered,2020-04-20T00:00:00,,Submission Received,2024-04-06T00:00:00,2025-04-05T00:00:00,10562.0,15938.0,Orleton Manor,Orleton,LUDLOW,Shropshire,,SY8 4HR,07786822323,info@onemilecloser.com,onemilecloser.com,,False,False,0.0,,1.0,0.0,,"Promotion of and support for education, healthy recreation, mental health and wellbeing and the pursuit of outdoor activities",0.0,0.0,2026-03-05T00:00:00,1189130,True,1,AR25,2024-04-06T00:00:00,1743811200000,2026-02-05T00:00:00,2026-02-03T00:00:00,10562,15938,,,,,,0.0,,0.0,,0.0,,,0.0,,0.0,0.0,0.0,0.0,0.0,,,,,,,,,,,,,,,,,,,2.0,"['Throughout England', 'Uganda', 'South Korea']","['Region', 'Country']",International,q1
2026-02-13T00:00:00,5182871,1196740,0,RALLY TOGETHER,CIO,Registered,2021-11-23T00:00:00,,Submission Received,2024-01-01T00:00:00,2024-12-31T00:00:00,3600.0,10100.0,85 GREAT PORTLAND STREET,LONDON,,,,W1W 7LT,07495916955,rallytogethercharity@gmail.com,,,False,False,0.0,,1.0,0.0,,"Rally Together focuses on the prevention or relief of poverty or financial hardship anywhere in the world. We do this by providing or assisting in the provision of education, training, healthcare projects and all the necessary support designed to enable individuals to generate a sustainable income and be self-sufficient.",0.0,0.0,2026-03-05T00:00:00,1196740,True,1,AR24,2024-01-01T00:00:00,1735603200000,2025-10-31T00:00:00,2025-10-31T00:00:00,3600,10100,,,,,,0.0,,0.0,,0.0,,,0.0,,0.0,0.0,0.0,0.0,0.0,,,,,,,,,,,,,,,,,,,10.0,['Philippines'],['Country'],International,q1
2026-02-13T00:00:00,5242452,1209658,0,SHE CODES TOO,CIO,Registered,2024-08-19T00:00:00,,Submission Received,2024-08-19T00:00:00,2025-04-05T00:00:00,6885.0,791.0,Lytchett House,13 Freeland Park,Wareham Road,Poole,Dorset,BH16 6FA,+447354963587,info@shecodestooiq.com,https://shecodestooiq.com/,,False,False,0.0,,1.0,0.0,,"She Codes Too is dedicated to empowering women through education and skill development. We provide training in coding and digital skills, create career opportunities in tech. Operating in Iraq and the UK, we organise workshops, training programmes, mentorship programmes, and networking events to equip women with the tools to succeed in tech.",1.0,0.0,2026-03-05T00:00:00,1209658,True,1,AR25,2024-08-19T00:00:00,1743811200000,2026-02-05T00:00:00,2026-02-05T00:00:00,6885,791,,,,,,0.0,,0.0,,0.0,,,0.0,,0.0,0.0,0.0,0.0,0.0,,,,,,,,,,,,,,,,,,,5.0,"['Throughout England', 'Iraq']","['Region', 'Country']",International,q1
2026-02-13T00:00:00,5135059,1183723,0,HEART SUCCESS FOUNDATION,CIO,Registered,2019-06-04T00:00:00,,Submission Received,2024-01-01T00:00:00,2024-12-31T00:00:00,6100.0,10491.0,70/2 Old Brompton Road,London,,,,SW7 3DQ,07788351388,ajscoats@aol.com,,,False,False,0.0,,1.0,0.0,,We support teaching and research into heart failure,0.0,0.0,2026-03-05T00:00:00,1183723,True,1,AR24,2024-01-01T00:00:00,1735603200000,2025-10-31T00:00:00,2025-10-30T00:00:00,6100,10491,,,,,,0.0,,0.0,,0.0,,,0.0,,0.0,0.0,0.0,0.0,0.0,0.0,,,,,,,,,,,,,,,,,,0.0,"['Throughout England', 'Belgium', 'France', 'Italy']","['Region', 'Country']",International,q1
2026-02-13T00:00:00,5009686,1137411,0,NATURALLY AFRICA FOUNDATION,Trust,Registered,2010-08-11T00:00:00,,Submission Received,2023-07-01T00:00:00,2024-06-30T00:00:00,15845.0,14833.0,5 Golding Gardens,East Peckham,TONBRIDGE,TONBRIDGE,Kent,TN12 5EE,02081230301,marc@naturallyafrica.org.uk,www.naturallyafrica.org.uk,,False,False,0.0,,0.0,0.0,,"Our activities provide access to basic human rights, which include food, shelter, education and healthcare and include:* Pre-school care & education* Education programmes in schools* Income-generating schemes* Sports initiatives* Healthcare and disease education and awareness, including HIV/AIDS, malaria & home based care* Feeding schemes & child sponsorship* Teacher training",1.0,0.0,2026-03-05T00:00:00,1137411,True,1,AR24,2023-07-01T00:00:00,1719705600000,2025-04-30T00:00:00,2024-12-16T00:00:00,15845,14833,,,,,,1.0,,0.0,,0.0,,,0.0,,0.0,0.0,0.0,0.0,0.0,,,,,,,,,,,,,,,,,,,0.0,"['Ghana', 'Kenya', 'Malawi', 'Namibia', 'South Africa', 'Tanzania']",['Country'],International,q1
2026-02-13T00:00:00,5079374,1167899,0,CONFIDENT CHILDREN OUT OF CONFLICT UK,CIO,Registered,2016-06-28T00:00:00,,Submission Received,2024-01-01T00:00:00,2024-12-31T00:00:00,8296.0,224.0,8 Ebrington Gardens,BELFAST,,,,BT4 3BY,07768500925,info@confidentchildrenuk.org,www.ConfidentChildrenUK.org,,False,False,0.0,,1.0,0.0,,CCCUK helps fund the education of street children and orphans in South Sudan. We help support an orphanage in Juba that originally housed 35 vulnerable girls. The numbers at the orphanage have swelled recently after the country's recent conflict. CCC in Juba funds the education of over 1000 children.,1.0,0.0,2026-03-05T00:00:00,1167899,True,1,AR24,2024-01-01T00:00:00,1735603200000,2025-10-31T00:00:00,2025-10-28T00:00:00,8296,224,,,,,,1.0,,0.0,,0.0,,,0.0,,0.0,0.0,0.0,0.0,0.0,,,,,,,,,,,,,,,,,,,0.0,"['South Sudan', 'Uganda']",['Country'],International,q1
2026-02-13T00:00:00,286242,286242,0,THE RUFIJI LEPROSY TRUST,Trust,Registered,1983-01-24T00:00:00,,Submission Received,2023-10-01T00:00:00,2024-09-30T00:00:00,16287.0,23232.0,C A F O D,ROMERO HOUSE,55 WESTMINSTER BRIDGE ROAD,LONDON,,SE1 7JB,07779658995,rufijilt@gmail.com,www.rufijileprosytrust.org,,False,False,0.0,,0.0,0.0,,This charity operates exclusively for the benefit of Kindwitwi Leprosy Care and Community Development Association in the Rufiji State of Tanzania. Its activities are fully covered in the classification section.,1.0,0.0,2026-03-05T00:00:00,286242,True,1,AR24,2023-10-01T00:00:00,1727654400000,2025-07-30T00:00:00,2025-06-19T00:00:00,16287,23232,,,,,,1.0,,0.0,,0.0,,,0.0,,0.0,0.0,0.0,0.0,0.0,,,,,,,,,,,,,,,,,,,2.0,['Tanzania'],['Country'],International,q1
2026-02-13T00:00:00,5151576,1188173,0,INHERIT LIFE MINISTRIES,CIO,Registered,2020-02-25T00:00:00,,Submission Received,2024-02-02T00:00:00,2025-02-01T00:00:00,10355.0,10250.0,24 MARSH LANE,LONDON,,,,NW7 4QP,02082011694,contact@inheritlifechurch.com,https://www.inheritlifechurch.com/,,False,False,0.0,,1.0,0.0,,To advance the Christian faith in accordance with the Statement of Faith appearing in the Schedule hereto in London and such parts of the United Kingdom or the world as the Trustees may from time to time think fit and to fulfil such other purposes which areexclusively charitable according to the law of England and Wales and are connected with the charitable work of the charity.,0.0,0.0,2026-03-05T00:00:00,1188173,True,1,AR25,2024-02-02T00:00:00,1738368000000,2025-12-01T00:00:00,2025-11-26T00:00:00,10355,10250,,,,,,0.0,,0.0,,0.0,,,0.0,,0.0,0.0,0.0,0.0,0.0,,,,,,,,,,,,,,,,,,,2.0,['Barnet'],['Local Authority'],Local,q1
2026-02-13T00:00:00,5149268,1188994,0,EXETER EQUINE CARE TRUST,CIO,Registered,2020-04-09T00:00:00,,Submission Received,2024-01-01T00:00:00,2024-12-31T00:00:00,5079.0,1617.0,HILLTOP RIDING SCHOOL,PENNSYLVANIA ROAD,EXETER,,,EX4 5BN,01392251370,exeterequinecare@gmail.com,,,False,False,0.0,,1.0,0.0,,"To promote humane behaviour towards animals by providing appropriate care, protection, treatment and security for horses which are in need of care and attention as a result of their owners being unable to care for them, or rehome them by providing a home for as long as needed where the horses retirement, behavioural or health needs will be managed.",0.0,0.0,2026-03-05T00:00:00,1188994,True,1,AR24,2024-01-01T00:00:00,1735603200000,2025-10-31T00:00:00,2025-09-18T00:00:00,5079,1617,,,,,,0.0,,0.0,,0.0,,,0.0,,0.0,0.0,0.0,0.0,0.0,,,,,,,,,,,,,,,,,,,10.0,['Devon'],['Local Authority'],Local,q1
2026-02-13T00:00:00,800495,800495,0,CHURCH MILTON COMMUNITY ASSOCIATION,Other,Registered,1988-12-01T00:00:00,,Submission Received,2024-04-01T00:00:00,2025-03-31T00:00:00,13406.0,9621.0,4 VAUGHAN DRIVE,KEMSLEY,SITTINGBOURNE,,,ME10 2UA,00000000000,,,,False,False,0.0,,0.0,0.0,,Community Association,0.0,0.0,2026-03-05T00:00:00,800495,True,1,AR25,2024-04-01T00:00:00,1743379200000,2026-01-31T00:00:00,2025-12-23T00:00:00,13406,9621,,,,,,0.0,,0.0,,0.0,,,0.0,,0.0,0.0,0.0,0.0,0.0,,,,,,,,,,,,,,,,,,,3.0,['Kent'],['Local Authority'],Local,q1
2026-02-13T00:00:00,5140792,1183681,0,LEIGHTON BUZZARD MUSIC,CIO,Registered,2019-06-03T00:00:00,,Submission Received,2024-06-01T00:00:00,2025-05-31T00:00:00,12678.0,13151.0,24 Bonnards Road,Newton Longville,Milton Keynes,BUCKINGHAMSHIRE,,MK17 0DS,01908644255,info.lbmusic@gmail.com,https://www.lbmusic.co.uk,,False,False,0.0,,1.0,0.0,,"We engage talented musicians to perform recitals for the benefit of the general public, mainly in and around Leighton Buzzard, at local venues at affordable prices. The programmes cover a variety of musical genres by composers, writers and lyricists from a period extending from ancient times to the present day.",0.0,0.0,2026-03-05T00:00:00,1183681,True,1,AR25,2024-06-01T00:00:00,1748649600000,2026-03-31T00:00:00,2025-07-29T00:00:00,12678,13151,,,,,,0.0,,0.0,,1.0,,500.0,0.0,,0.0,0.0,0.0,0.0,0.0,,,,,,,,,,,,,,,,,,,3.0,['Central Bedfordshire'],['Local Authority'],Local,q1
2026-02-13T00:00:00,5111581,1175461,0,THE WHERRY FRIENDS ASSOCIATION,Other,Registered,2017-10-30T00:00:00,,Submission Received,2023-09-01T00:00:00,2024-08-31T00:00:00,15557.0,15113.0,The Wherry School,280 Hall Road,NORWICH,,,NR1 2GB,07780678897,chair@wherryfriends.org.uk,www.wherryfriends.org.uk,,False,False,0.0,,0.0,0.0,,"Provide support to the families of the children at The Wherry School.Developing effective relationships between the staff, parents, carers and others associated with the School.Providing and assisting in the provision of facilities or equipment which supports the school in all areas of education.",1.0,0.0,2026-03-05T00:00:00,1175461,True,1,AR24,2023-09-01T00:00:00,1725062400000,2025-06-30T00:00:00,2025-06-21T00:00:00,15557,15113,,,,,,0.0,,0.0,,0.0,,,0.0,,0.0,0.0,0.0,0.0,0.0,,,,,,,,,,,,,,,,,,,10.0,['Norfolk'],['Local Authority'],Local,q1
2026-02-13T00:00:00,3966227,1079073,0,THE WINCHFIELD FESTIVAL,Charitable company,Registered,2000-01-24T00:00:00,,Submission Received,2023-11-01T00:00:00,2024-10-31T00:00:00,10595.0,28931.0,Court Cottage,Bagwell Lane,Winchfield,HOOK,Hampshire,RG27 8DB,07980660001,,www.winchfieldfestival.org,03853371,False,False,0.0,,0.0,0.0,,"To educate people of all ages in classical music and other genres and in other performing arts, with a biennial festival of up to nine performances together with master classes and instruction at local schools.",1.0,0.0,2026-03-05T00:00:00,1079073,True,1,AR24,2023-11-01T00:00:00,1730332800000,2025-08-31T00:00:00,2025-08-08T00:00:00,10595,28931,,,,,,0.0,,0.0,,0.0,,,0.0,,0.0,0.0,0.0,0.0,0.0,,,,,,,,,,,,,,,,,,,11.0,['Hampshire'],['Local Authority'],Local,q1
2026-02-13T00:00:00,5025042,1145957,0,HORSLEY U3A,Other,Registered,2012-02-17T00:00:00,,Submission Received,2024-01-01T00:00:00,2024-12-31T00:00:00,10026.0,8986.0,27 Parkside Place,East Horsley,LEATHERHEAD,Surrey,,KT24 5BZ,01483281221,secretary@horsleyu3a.org.uk,www.horsleyu3a.org.uk,,False,False,0.0,,0.0,0.0,,"University of the Third Age is a self-help movement for people no longer in full time employment, providing educational, creative and leisure opportunities. Horsley U3A is a learning cooperative which draws upon the knowledge, experience and skills of its own members to organise and provide interest groups in accordance with the wishes of the membership. The teachers learn and the learners teach!",0.0,0.0,2026-03-05T00:00:00,1145957,True,1,AR24,2024-01-01T00:00:00,1735603200000,2025-10-31T00:00:00,2025-05-14T00:00:00,10026,8986,,,,,,0.0,,0.0,,0.0,,,0.0,,0.0,0.0,0.0,0.0,0.0,,,,,,,,,,,,,,,,,,,120.0,['Surrey'],['Local Authority'],Local,q1
2026-02-13T00:00:00,5161490,1190281,0,NEW MILTON HEDGEHOG RESCUE,CIO,Registered,2020-07-07T00:00:00,,Submission Received,2024-01-01T00:00:00,2024-12-31T00:00:00,16430.0,18156.0,9 Saulfland Drive,Highcliffe,,,,BH23 4QN,07879435916,newmiltonhedgehogrescue2018@gmail.com,,,False,False,0.0,,1.0,0.0,,"To help the conservation and preservation of the wild hedgehog species by providing rescue, care and rehabilitation for sick, injured or orphaned hedgehogs, with the aim of releasing them back to the wild.",1.0,0.0,2026-03-05T00:00:00,1190281,True,1,AR24,2024-01-01T00:00:00,1735603200000,2025-10-31T00:00:00,2025-10-22T00:00:00,16430,18156,,,,,,0.0,,0.0,,0.0,,,0.0,,0.0,0.0,0.0,0.0,0.0,,,,,,,,,,,,,,,,,,,5.0,"['Dorset', 'Hampshire']",['Local Authority'],Local,q1
2026-02-13T00:00:00,3996814,1096877,0,LOW GRANGE COMMUNITY ASSOCIATION,Other,Registered,2003-04-07T00:00:00,,Submission Received,2024-01-01T00:00:00,2024-12-31T00:00:00,10814.0,20309.0,Low Grange Community Centre,Low Grange Avenue,BILLINGHAM,,,TS23 3PF,01642564077,KEVIN@BELP-ENTERPRISE.CO.UK,www.belp-enterprise.co.uk,,False,False,0.0,,0.0,0.0,,"To provide and maintain the building for the use of the public, groups and local residents for activities in the social, educational and recreational fields.  Provide equipment as required for the use of the above.",0.0,1.0,2026-03-05T00:00:00,1096877,True,1,AR24,2024-01-01T00:00:00,1735603200000,2025-10-31T00:00:00,2025-10-09T00:00:00,10814,20309,,,,,,0.0,,0.0,,0.0,,,0.0,,0.0,0.0,0.0,0.0,0.0,,,,,,,,,,,,,,,,,,,0.0,"['Hartlepool', 'Middlesbrough', 'Stockton-on-tees', 'Darlington']",['Local Authority'],Local,q1
2026-02-13T00:00:00,516249,516249,0,Elswick and District Village Hall,Other,Registered,1985-04-29T00:00:00,,Submission Received,2023-09-01T00:00:00,2024-08-31T00:00:00,10270.0,14119.0,COPSYDE,COPP LANE,ELSWICK,PRESTON,,PR4 3ZD ,01995670303,elswickvillagehall@gmail.com,,,False,False,0.0,,0.0,0.0,,supply facilities ie a heated clean halllocal village hall provide facilities to the local community,0.0,1.0,2026-03-05T00:00:00,516249,True,1,AR24,2023-09-01T00:00:00,1725062400000,2025-06-30T00:00:00,2025-05-13T00:00:00,10270,14119,,,,,,0.0,,0.0,,0.0,,,0.0,,0.0,0.0,0.0,0.0,0.0,,,,,,,,,,,,,,,,,,,9.0,['Lancashire'],['Local Authority'],Local,q1
2026-02-13T00:00:00,5062841,1161790,0,FOREST GREEN CEMETERY,CIO,Registered,2015-05-21T00:00:00,,Submission Received,2023-11-01T00:00:00,2024-10-31T00:00:00,1450.0,2561.0,THE BARTON,STAR HILL,FOREST GREEN,NAILSWORTH,STROUD,GL6 0EY,01453836347,forestgreencemetery@gmail.com,,,False,False,0.0,,1.0,0.0,,The conservation of Forest Green burial ground in Nailsworth Gloucestershire.,0.0,1.0,2026-03-05T00:00:00,1161790,True,1,AR24,2023-11-01T00:00:00,1730332800000,2025-08-31T00:00:00,2025-07-11T00:00:00,1450,2561,,,,,,0.0,,0.0,,1.0,,450.0,0.0,,0.0,0.0,0.0,0.0,0.0,,,,,,,,,,,,,,,,,,,1.0,['Gloucestershire'],['Local Authority'],Local,q1
2026-02-13T00:00:00,5188947,1196443,0,EASINGTON YOUTH CLUB CIO,CIO,Registered,2021-11-05T00:00:00,,Submission Received,2023-11-05T00:00:00,2024-11-04T00:00:00,8288.0,11712.0,Youth Club,Beck Lane,Easington,HULL,,HU12 0TX,07854968524,treasurer@easingtonyouthclub.org.uk,,,False,False,0.0,,1.0,0.0,,"The provision of Buildings, Land and Play facilities.Provide opportunities for young people to meet, socialise, participate in recreational activitieis in a safe and friendly environmentInformal learning opportunity and a facility for young people to chill out in a relaxed environmentTo promote and inspire personal development through life skills with the Duke of Edinburgh Award Sc",0.0,1.0,2026-03-05T00:00:00,1196443,True,1,AR24,2023-11-05T00:00:00,1730678400000,2025-09-04T00:00:00,2025-09-03T00:00:00,8288,11712,,,,,,0.0,,0.0,,0.0,,,0.0,,1.0,0.0,1.0,0.0,0.0,0.0,,,,,,,,,,,,,,,,,,8.0,['East Riding Of Yorkshire'],['Local Authority'],Local,q1
2026-02-13T00:00:00,5132777,1181103,0,THE PETE ATKINS YOUTH HOCKEY FOUNDATION,Trust,Registered,2018-12-11T00:00:00,,Submission Received,2024-01-01T00:00:00,2024-12-31T00:00:00,10135.0,11795.0,1 BROOK GARDENS,EMSWORTH,,,,PO10 7JY,07771797161,trustees@payhf.org.uk,payhf.org.uk,,False,False,0.0,,0.0,0.0,,Enabling Schools to provide Hockey coaching as part of the curriculum and/or as an after School Activity.  Also encourage participation in organised competitions with other schools.Provide small grants or equipment to help young players enter the world of Hockey or to achieve there ambitions to be the best they can be at the sport.,1.0,0.0,2026-03-05T00:00:00,1181103,True,1,AR24,2024-01-01T00:00:00,1735603200000,2025-10-31T00:00:00,2025-10-09T00:00:00,10135,11795,,,,,,1.0,,0.0,,0.0,,,0.0,,0.0,0.0,0.0,0.0,0.0,,,,,,,,,,,,,,,,,,,3.0,"['Hampshire', 'Portsmouth City']",['Local Authority'],Local,q1
2026-02-13T00:00:00,4003942,1101292,0,CHAT CHILDREN'S RESPITE,Other,Registered,2003-12-18T00:00:00,,Submission Received,2024-04-01T00:00:00,2025-03-31T00:00:00,12540.0,53842.0,BOOKER SCHOOL,STOKE LEYS CLOSE,AYLESBURY,,,HP21 9ET,07402063133,office@chat-charity.org.uk,www.chat-charity.org.uk,,False,False,0.0,,0.0,0.0,,"CHAT supports families in Buckinghamshire with children who have special needs by funding short-term respite care, equipment and facilities.",1.0,0.0,2026-03-05T00:00:00,1101292,True,1,AR25,2024-04-01T00:00:00,1743379200000,2026-01-31T00:00:00,2025-12-09T00:00:00,12540,53842,,,,,,1.0,,0.0,,0.0,,,0.0,,0.0,0.0,0.0,0.0,0.0,0.0,,,,,,,,,,,,,,,,,,0.0,['Buckinghamshire'],['Local Authority'],Local,q1
2026-02-13T00:00:00,527114,527114,0,MARTLEY OLD GRAMMAR SCHOOL CHARITY,Other,Registered,1962-07-24T00:00:00,,Submission Received,2024-01-01T00:00:00,2024-12-31T00:00:00,11926.0,12376.0,DANESWOOD,PRESTON WYNNE,HEREFORD,,,HR1 3PA,07967 817274,,,,False,False,0.0,,0.0,0.0,,The provision of educational grants to individuals or organisations who have a connection to Martley parish in Worcestershire,0.0,0.0,2026-03-05T00:00:00,527114,True,1,AR24,2024-01-01T00:00:00,1735603200000,2025-10-31T00:00:00,2025-09-19T00:00:00,11926,12376,,,,,,1.0,,0.0,,0.0,,,0.0,,0.0,0.0,0.0,0.0,0.0,,,,,,,,,,,,,,,,,,,0.0,['Worcestershire'],['Local Authority'],Local,q1
2026-02-13T00:00:00,271987,271987,0,THINKING FAITH NETWORK,Other,Registered,1976-09-23T00:00:00,,Submission Received,2023-08-01T00:00:00,2024-07-31T00:00:00,13094.0,2856.0,2 Dale Villas,Horsforth,Leeds,,,LS18 4JN,0113 314 1986,office@thinkfaith.net,www.thinkfaith.net,,False,False,0.0,,0.0,0.0,,"We are passionate about using our minds and imaginations to release the wisdom of the Christian faith into the world as a force for good. We create spaces where people can think deeply and creatively about the important issues of our day, to help discipleship and evangelism become more engaging and effective and to provide insight and direction for our daily work, mission and social action.",1.0,0.0,2026-03-05T00:00:00,271987,True,1,AR24,2023-08-01T00:00:00,1722384000000,2025-05-31T00:00:00,2025-03-30T00:00:00,13094,2856,,,,,,0.0,,0.0,,0.0,,,0.0,,0.0,0.0,0.0,0.0,0.0,0.0,,,,,,,,,,,,,,,,,,5.0,"['Throughout England And Wales', 'Scotland']","['Region', 'Country']",National,q1
2026-02-13T00:00:00,5132415,1184024,0,THE BRITISH INHERITED METABOLIC DISEASE GROUP,CIO,Registered,2019-06-21T00:00:00,,Submission Received,2024-01-01T00:00:00,2024-12-31T00:00:00,13294.0,21086.0,HEWITSONS,SHAKESPEARE HOUSE,42 NEWMARKET ROAD,CAMBRIDGE,,CB5 8EP,02074059200,james.davison@gosh.nhs.uk,www.bimdg.org.uk,,False,False,0.0,,1.0,0.0,,"To relieve, for the benefit of the public, persons suffering from inherited metabolic disease by advancing the education of professionals involved in their diagnosis, care and treatment; and To promote, for the benefit of the public, research into the treatment of inherited metabolic disease.",0.0,0.0,2026-03-05T00:00:00,1184024,True,1,AR24,2024-01-01T00:00:00,1735603200000,2025-10-31T00:00:00,2025-07-18T00:00:00,13294,21086,,,,,,0.0,,0.0,,0.0,,,0.0,,0.0,0.0,0.0,0.0,0.0,,,,,,,,,,,,,,,,,,,0.0,"['Throughout England And Wales', 'Scotland', 'Northern Ireland', 'Ireland']","['Region', 'Country']",National,q1
2026-02-13T00:00:00,5112164,1175772,0,NOT CRICKET PRODUCTIONS,CIO,Registered,2017-11-16T00:00:00,,Submission Received,2024-01-01T00:00:00,2024-12-31T00:00:00,12015.0,10592.0,25 Swinburne Road,DARLINGTON,County Durham,,,DL3 7TD,07986953988,hello@simplyspiffing.co.uk,www.simplyspiffing.co.uk,,False,False,0.0,,1.0,0.0,,"Not Cricket entertains and educates through theatre, interactive performance and associated creative arts. Working with a range of educational, heritage and community partners, the Company reinvigorates classic texts and forgotten historical narratives. All of its work is based on rigorous research and the Company is always seeking new locations and stories.",0.0,0.0,2026-03-05T00:00:00,1175772,True,1,AR24,2024-01-01T00:00:00,1735603200000,2025-10-31T00:00:00,2025-10-23T00:00:00,12015,10592,,,,,,0.0,,0.0,,0.0,,,0.0,,0.0,0.0,0.0,0.0,0.0,,,,,,,,,,,,,,,,,,,20.0,"['Throughout England', 'Scotland']","['Region', 'Country']",National,q1
2026-02-13T00:00:00,1052405,1052405,0,FEDERATION FOR DETACHED YOUTH WORK,Other,Registered,1996-01-27T00:00:00,,Submission Overdue,2023-04-01T00:00:00,2024-03-31T00:00:00,15684.0,15721.0,Pleck Youth Centre,Wednesbury Road,WALSALL,,,WS2 9QJ,07718158423,rizwanahmed8@netscape.net,www.fdyw.org.uk,,False,False,0.0,,0.0,0.0,,"The Federation, with the active participation of detached youth workers, supports, promotes and seeks to influence the development of detached youth work and social policy through the provision of advice, information, advocacy, training support, net working opportunities and holding an annual conference.",0.0,0.0,2026-03-05T00:00:00,1052405,True,1,AR24,2023-04-01T00:00:00,1711843200000,2025-01-31T00:00:00,2025-01-11T00:00:00,15684,15721,,,,,,0.0,,0.0,,0.0,,,0.0,,0.0,0.0,0.0,0.0,0.0,,,,,,,,,,,,,,,,,,,7.0,"['Throughout England And Wales', 'Scotland', 'Northern Ireland']","['Region', 'Country']",National,q1
2026-02-13T00:00:00,5060170,1161457,0,CLINICAL LEGAL EDUCATION ORGANISATION,CIO,Registered,2015-04-28T00:00:00,,Submission Received,2024-04-06T00:00:00,2025-04-05T00:00:00,35.0,448.0,c/o The Law School,University of Chester,Wheeler Building,Castle Drive,CHESTER,,01244 511234,info@cleo-uk.org,www.cleo-uk.org,,False,False,0.0,,1.0,0.0,,"Promote, foster and develop clinical legal education (CLE):- support law schools/affiliated entities to develop CLE/probono work;- advance legal curriculum and teaching methodologies;- build effective partnerships with a range of organisations, both private and public;- promote CLE research and activities and probono legal services for the public benefit, by way of university clinics.",0.0,0.0,2026-03-05T00:00:00,1161457,True,1,AR25,2024-04-06T00:00:00,1743811200000,2026-02-05T00:00:00,2026-01-26T00:00:00,35,448,,,,,,0.0,,0.0,,0.0,,,0.0,,0.0,0.0,0.0,0.0,0.0,,,,,,,,,,,,,,,,,,,10.0,"['Throughout England And Wales', 'Scotland']","['Region', 'Country']",National,q1
2026-02-13T00:00:00,5067773,1165530,0,INVESTORS IN COMMUNITY GIVING,CIO,Registered,2016-02-11T00:00:00,,Submission Received,2024-01-01T00:00:00,2024-12-31T00:00:00,2877.0,2853.0,27 Willow Garth Road,CHESTERFIELD,Derbyshire,,,S41 8BL,02079938280,info@investorsincommunity.org,www.investorsincommunity.org,,False,False,0.0,,1.0,0.0,,"UK wide, managing the interaction between employer organisations who give and the charities and constituted community bodies who require help. From donations, volunteering and gifting.",1.0,0.0,2026-03-05T00:00:00,1165530,True,1,AR24,2024-01-01T00:00:00,1735603200000,2025-10-31T00:00:00,2025-10-31T00:00:00,2877,2853,,,,,,0.0,,0.0,,0.0,,,0.0,,0.0,0.0,0.0,0.0,0.0,,,,,,,,,,,,,,,,,,,0.0,"['Throughout England And Wales', 'Scotland', 'Northern Ireland']","['Region', 'Country']",National,q1
2026-02-13T00:00:00,5047101,1157650,0,HARVEY'S ARMY,CIO,Registered,2014-06-30T00:00:00,,Submission Received,2024-04-01T00:00:00,2025-03-31T00:00:00,5188.0,4646.0,84 Sycamore Lane,Great Sankey,WARRINGTON,,,WA5 1UL ,07833727975,harveysarmy@yahoo.co.uk,www.harveysarmy.com,,False,False,0.0,,1.0,0.0,,"To promote humane behaviour towards animals. To provide appropriate care, protection, treatment & security for animals in need of care & attention by reason of sickness, maltreatment, poor circumstances or ill usage. To educate the public in matters such as animal welfare & prevention of cruelty & suffering among animals. To assist & support owners who have lost or stolen animals in the UK.",1.0,0.0,2026-03-05T00:00:00,1157650,True,1,AR25,2024-04-01T00:00:00,1743379200000,2026-01-31T00:00:00,2025-12-05T00:00:00,5188,4646,,,,,,0.0,,0.0,,0.0,,,0.0,,0.0,0.0,0.0,0.0,0.0,,,,,,,,,,,,,,,,,,,401.0,['Scotland'],['Country'],National,q1
2026-02-13T00:00:00,5228959,1206323,0,THE FERTILITY ALLIANCE,CIO,Registered,2023-12-21T00:00:00,,Submission Received,2023-12-21T00:00:00,2024-11-07T00:00:00,5995.0,576.0,5 BRAYFORD SQUARE,LONDON,,,,E1 0SG,07825827865,Thefertilityalliance@outlook.com,,,False,False,0.0,,1.0,0.0,,"The advancement of education of the general public on effects and treatment of fer-tility problems and other such related conditions by providing information, services and support for people on a fertility/infertility journey and related conditions. promoting/participating in research work into fertility/infertility and related conditions and publish the results of such work.",1.0,0.0,2026-03-05T00:00:00,1206323,True,1,AR24,2023-12-21T00:00:00,1730937600000,2025-09-07T00:00:00,2025-02-26T00:00:00,5995,576,,,,,,0.0,,0.0,,0.0,,,0.0,,0.0,0.0,0.0,0.0,0.0,,,,,,,,,,,,,,,,,,,1.0,"['Throughout England And Wales', 'Scotland', 'Northern Ireland']","['Region', 'Country']",National,q1
2026-02-13T00:00:00,5232528,1207106,0,ELITE KINGDOM BUILDERS,CIO,Registered,2024-02-20T00:00:00,,Submission Overdue,2024-02-20T00:00:00,2024-12-31T00:00:00,1555.0,1357.0,28 ALDER COURT,REDHOUSE PARK,MILTON KEYNES,,,MK14 5FL,07947762213,Elite.kbm2618@gmail.com,,,False,False,0.0,,1.0,0.0,,To provide emotional and peer support to all individuals in Christian ministries and churches,0.0,0.0,2026-03-05T00:00:00,1207106,True,1,AR24,2024-02-20T00:00:00,1735603200000,2025-10-31T00:00:00,2025-10-30T00:00:00,1555,1357,,,,,,0.0,,0.0,,0.0,,,0.0,,0.0,0.0,0.0,0.0,0.0,,,,,,,,,,,,,,,,,,,3.0,"['Throughout England And Wales', 'Scotland', 'Northern Ireland', 'France', 'South Africa', 'Belgium', 'Switzerland', 'Germany', 'Congo (Democratic Republic)', 'Gabon', 'Angola', 'Austria', 'Canada', 'United States']","['Region', 'Country']",National,q1
2026-02-13T00:00:00,5167194,1192648,0,AVIATION ACTION,Other,Registered,2020-12-04T00:00:00,,Submission Received,2024-04-01T00:00:00,2025-03-31T00:00:00,14638.0,13202.0,Haye,Courtenay Close,LOOE,Cornwall,,PL13 1JX,+447711574393,hello@aviationaction.org,www.aviationaction.org,,False,False,0.0,,0.0,0.0,,"Raising awareness of mental health issues across the aviation industry including, but not limited to: 1. online resources relating to mental health issues;2. working with aviation industry stakeholders to promote mental health awareness and provide mental health related services.",1.0,0.0,2026-03-05T00:00:00,1192648,True,1,AR25,2024-04-01T00:00:00,1743379200000,2026-01-31T00:00:00,2026-01-16T00:00:00,14638,13202,,,,,,0.0,,0.0,,0.0,,,0.0,,0.0,0.0,0.0,0.0,0.0,,,,,,,,,,,,,,,,,,,10.0,"['Throughout England And Wales', 'Scotland', 'Northern Ireland', 'Ireland']","['Region', 'Country']",National,q1
2026-02-13T00:00:00,5136511,1184846,0,RARE AUTOINFLAMMATORY CONDITIONS COMMUNITY - UK (RACC - UK),CIO,Registered,2019-08-09T00:00:00,,Submission Received,2024-02-23T00:00:00,2025-02-22T00:00:00,6497.0,2685.0,Flat 1,24 Swan Street,Eynsham,WITNEY,,OX29 4HU,07377091552,info@raccuk.com,https://www.raccuk.com/,,False,False,0.0,,1.0,0.0,,"To relieve the needs of patients, families and carers affected by Autoinflammatory conditions in the UK byProviding information, support and advice.Raising awareness of Autoinflammatory conditions.Providing data when supporting research in relation to Autoinflammatory conditions.",1.0,0.0,2026-03-05T00:00:00,1184846,True,1,AR25,2024-02-23T00:00:00,1740182400000,2025-12-22T00:00:00,2025-10-27T00:00:00,6497,2685,,,,,,0.0,,0.0,,0.0,,,0.0,,0.0,0.0,0.0,0.0,0.0,,,,,,,,,,,,,,,,,,,3.0,"['Throughout England And Wales', 'Scotland', 'Northern Ireland']","['Region', 'Country']",National,q1
2026-02-13T00:00:00,5233034,1208755,0,BANDED,CIO,Registered,2024-06-20T00:00:00,,Submission Received,2024-06-20T00:00:00,2025-03-31T00:00:00,209.0,209.0,FLAT 1 OXFORD HOUSE,OAKFIELD CLOSE,NEW MALDEN,,,KT3 6RD,07526018718,Bandeddv@hotmail.com,,,False,False,0.0,,1.0,0.0,,,,,2026-03-05T00:00:00,1208755,True,1,AR25,2024-06-20T00:00:00,1743379200000,2026-01-31T00:00:00,2025-12-02T00:00:00,209,209,,,,,,0.0,,0.0,,0.0,,,0.0,,0.0,0.0,0.0,0.0,0.0,,,,,,,,,,,,,,,,,,,1.0,"['Throughout England And Wales', 'Scotland', 'Northern Ireland', 'Ireland']","['Region', 'Country']",National,q1
2026-02-13T00:00:00,313540,313540,0,THE GLADSTONE MEMORIAL TRUST,Other,Registered,1972-09-22T00:00:00,,Submission Received,2023-09-01T00:00:00,2024-08-31T00:00:00,13357.0,11499.0,HOLFORD HOUSE,HAYWARDS HEATH ROAD,NORTH CHAILEY,LEWES,,BN8 4DT,01825721330,,http://www.gladstonememorialtrust.org/,,False,False,0.0,,0.0,0.0,,"We award scholarships and prizes to students in universities and schools, many of which have connections with W E Gladstone. We also grant travel awards for Oxford and Cambridge University undergraduates.",0.0,0.0,2026-03-05T00:00:00,313540,True,1,AR24,2023-09-01T00:00:00,1725062400000,2025-06-30T00:00:00,2025-06-13T00:00:00,13357,11499,,,,,,1.0,,0.0,,0.0,,,0.0,,0.0,0.0,0.0,0.0,0.0,,,,,,,,,,,,,,,,,,,0.0,"['Throughout England And Wales', 'Scotland']","['Region', 'Country']",National,q1
2026-02-13T00:00:00,5180071,1195918,0,PAWPRINT TRUST,CIO,Registered,2021-09-24T00:00:00,,Submission Received,2024-04-01T00:00:00,2025-03-31T00:00:00,5700.0,7010.0,Unit 5,The Portal,Elmhurst Business Park,Lichfield,,WS13 8EX,01543720220,admin@pawprinttrust.com,www.pawprintrust.com,,False,False,0.0,,1.0,0.0,,"To support young people aged between 11-25 by providing grants to individuals, charities and/or other organisations and through direct delivery to enable recreational and leisure time activities that develop their skills, capacities, and capabilities and enable them to participate in society as mature and responsible individuals",0.0,0.0,2026-03-05T00:00:00,1195918,True,1,AR25,2024-04-01T00:00:00,1743379200000,2026-01-31T00:00:00,2025-11-13T00:00:00,5700,7010,,,,,,1.0,,0.0,,0.0,,,0.0,,0.0,0.0,0.0,0.0,0.0,,,,,,,,,,,,,,,,,,,0.0,"['Throughout England And Wales', 'Scotland', 'Northern Ireland']","['Region', 'Country']",National,q1
2026-02-13T00:00:00,5129224,1185094,0,MCKITTRICK BIRD SONG CHARITABLE TRUST,CIO,Registered,2019-08-29T00:00:00,,Submission Received,2023-10-01T00:00:00,2024-09-30T00:00:00,2640.0,2976.0,Clarke Mairs Llp,1 One Hood Street,NEWCASTLE UPON TYNE,,,NE1 6JQ,01912454737,law@clarkemairs.com,,,False,False,0.0,,1.0,0.0,,The objects of the CIO are to further such charitable purposes as the trustees see fit from time to time including: (a) the advancement of education for the public benefit;(b) the promotion of the conservation of the song bird;(c) to relieve the needs of ex-military personnel;(d) the prevention or relief of poverty or financial hardship anywhere in the world.,0.0,0.0,2026-03-05T00:00:00,1185094,True,1,AR24,2023-10-01T00:00:00,1727654400000,2025-07-30T00:00:00,2025-06-12T00:00:00,2640,2976,,,,,,1.0,,0.0,,0.0,,,0.0,,0.0,0.0,0.0,0.0,0.0,,,,,,,,,,,,,,,,,,,0.0,"['Throughout England And Wales', 'Scotland', 'Nepal', 'Brazil', 'Zimbabwe']","['Region', 'Country']",National,q1
2026-02-13T00:00:00,5207689,1203005,0,POCKET WILDING,CIO,Registered,2023-05-10T00:00:00,,Submission Received,2023-05-10T00:00:00,2024-10-01T00:00:00,2822.0,1250.0,PINK ACCOUNTING RESOURCES LTD,THE CLOCK HOUSE,STATION APPROACH,,,SL7 1NT,07786926638,hello@pocketwilding.co.uk,,,False,False,0.0,,1.0,0.0,,"Our main goal is to help nature recover in urban and peri urban areas. We are building toolkits for communities, to empower them in managing their own wilding projects.",,0.0,2026-03-05T00:00:00,1203005,True,1,AR24,2023-05-10T00:00:00,1727740800000,2025-08-01T00:00:00,2025-08-01T00:00:00,2822,1250,,,,,,0.0,,0.0,,0.0,,,0.0,,0.0,0.0,0.0,0.0,0.0,,,,,,,,,,,,,,,,,,,0.0,['Throughout England And Wales'],['Region'],Regional,q1
2026-02-13T00:00:00,5236119,1208770,0,APOSTOLICS OF SWANSEA,CIO,Registered,2024-06-21T00:00:00,,Submission Received,2024-06-21T00:00:00,2025-01-31T00:00:00,5080.0,3256.0,41 Beverley Gardens,Ravenhill,SWANSEA,,,SA5 5DR,07521243730,info@aoschurch.co.uk,aoschurch.co.uk,,False,False,0.0,,1.0,0.0,,"regular public worship, prayer, Bible study, preaching and teaching;baptism, in accordance with the UPC of GB&I beliefs; evangelism and mission, locally, regionally, nationally and internationally; the teaching, encouragement, welcome and inclusion of young people and children; nurturing and growing of disciples of Christ; giving and encouraging pastoral care;",0.0,0.0,2026-03-05T00:00:00,1208770,True,1,AR25,2024-06-21T00:00:00,1738281600000,2025-11-30T00:00:00,2025-11-18T00:00:00,5080,3256,,,,,,0.0,,0.0,,0.0,,,0.0,,0.0,0.0,0.0,0.0,0.0,0.0,,,,,,,,,,,,,,,,,,20.0,['Throughout Wales'],['Region'],Regional,q1
2026-02-13T00:00:00,5229452,1205417,0,AL FALAH ACADEMY,CIO,Registered,2023-10-26T00:00:00,,Submission Received,2023-10-26T00:00:00,2024-12-31T00:00:00,16262.0,940.0,8 DARENTH LANE,SOUTH OCKENDON,,,,RM15 5JA,07859068095,ALFALAH-ACADEMY@OUTLOOK.COM,,,False,False,0.0,,1.0,0.0,,,,,2026-03-05T00:00:00,1205417,True,1,AR24,2023-10-26T00:00:00,1735603200000,2025-10-31T00:00:00,2025-10-18T00:00:00,16262,940,,,,,,0.0,,0.0,,1.0,,500.0,0.0,,0.0,0.0,0.0,0.0,0.0,,,,,,,,,,,,,,,,,,,6.0,['Throughout England And Wales'],['Region'],Regional,q1
2026-02-13T00:00:00,4048547,1133705,0,WORLD ON FIRE MISSION,Trust,Registered,2010-01-25T00:00:00,,Submission Received,2024-04-01T00:00:00,2025-03-31T00:00:00,14702.0,14677.0,Howbourne Cottage,Howbourne Lane,Buxted,UCKFIELD,East Sussex,TN22 4QD,01825 763240,,www.worldonfiremission.org,,False,False,0.0,,0.0,0.0,,"1/ To advance the Christian faith in the UK/world as the Trustees think fit. 2/ To relieve sickness and financial hardship and to promote and preserve good health by the provision of funds, goods or services of any kind including through the provision of counselling and support in the UK/world as the Trustees think fit. 3/ To advance education in parts of the UK/world as the Trustees think fit",1.0,1.0,2026-03-05T00:00:00,1133705,True,1,AR25,2024-04-01T00:00:00,1743379200000,2026-01-31T00:00:00,2026-01-29T00:00:00,14702,14677,,,,,,0.0,,0.0,,0.0,,,0.0,,0.0,0.0,0.0,0.0,0.0,,,,,,,,,,,,,,,,,,,4.0,['Throughout London'],['Region'],Regional,q1
2026-02-13T00:00:00,5165794,1194713,0,REVOLUTION CHARITY,CIO,Registered,2021-06-08T00:00:00,,Submission Received,2024-04-01T00:00:00,2025-03-31T00:00:00,40.0,60.0,40 HARTFORD AVENUE,HARROW,,,,HA3 8SY,07952437774,info@revolutioncharity.org,http://www.revolutioncharity.org/,,False,False,0.0,,1.0,0.0,,"   To promote social inclusion for the public benefit by preventing people from becoming      socially excluded, relieving the needs of those people who are socially excluded and    assisting them to integrate into society.",0.0,0.0,2026-03-05T00:00:00,1194713,True,1,AR25,2024-04-01T00:00:00,1743379200000,2026-01-31T00:00:00,2026-01-26T00:00:00,40,60,,,,,,0.0,,0.0,,0.0,,,0.0,,0.0,0.0,0.0,0.0,0.0,,,,,,,,,,,,,,,,,,,0.0,['Throughout London'],['Region'],Regional,q1
2026-02-13T00:00:00,5119129,1180625,0,COMMUNITIES FOR HORSES,CIO,Registered,2018-11-09T00:00:00,,Submission Received,2024-04-04T00:00:00,2025-04-03T00:00:00,1095.0,3243.0,2 Coach House Mews,Ranmore Common,DORKING,Surrey,,RH5 6SX,07563067478,enquiries@communitiesforhorses.org,https://www.communitiesforhorses.org/,,False,False,0.0,,1.0,0.0,,"To promote humane behaviour towards equine animals by providing education to the public, including adults and children, pertaining to equine animal welfare in general and the prevention of cruelty and suffering among equine animals, and to provide appropriate care, protection and treatment for animals in need by reason of sickness, maltreatment or poor circumstances.",0.0,0.0,2026-03-05T00:00:00,1180625,True,1,AR25,2024-04-04T00:00:00,1743638400000,2026-02-03T00:00:00,2026-01-30T00:00:00,1095,3243,,,,,,0.0,,0.0,,0.0,,,0.0,,0.0,0.0,0.0,0.0,0.0,,,,,,,,,,,,,,,,,,,2.0,['Throughout England And Wales'],['Region'],Regional,q1
2026-02-13T00:00:00,5050543,1159159,0,HOWL,CIO,Registered,2014-11-11T00:00:00,,Submission Received,2023-06-01T00:00:00,2024-05-31T00:00:00,60.0,1222.0,TEAM AM LTD,UNIT 17,SARUM COMPLEX,SALISBURY ROAD,UXBRIDGE,UB8 2RZ,01895274340,,,,False,False,0.0,,1.0,0.0,,"For the benefit of the public to relieve the suffering of animals in need of care and attentionand, in particular, to provide education, monitoring and persuasion against the illegal huntingof wildlife with hounds.",1.0,0.0,2026-03-05T00:00:00,1159159,True,1,AR24,2023-06-01T00:00:00,1717113600000,2025-03-31T00:00:00,2025-03-07T00:00:00,60,1222,,,,,,0.0,,0.0,,0.0,,,0.0,,0.0,0.0,0.0,0.0,0.0,,,,,,,,,,,,,,,,,,,4.0,['Throughout England And Wales'],['Region'],Regional,q1
2026-02-13T00:00:00,5116212,1177452,0,EVANGELICAL GLOBAL OUTREACH CHURCH,CIO,Registered,2018-03-07T00:00:00,,Submission Received,2025-01-01T00:00:00,2025-12-31T00:00:00,15179.0,14705.0,137 Hooper Road,LONDON,,,,E16 3QD,07958083479,pastor@egoc.org.uk,www.egoc.org.uk,,False,False,0.0,,1.0,0.0,,"Evangelical Global Outreach Church (EGOC) is a Christian church denomination. We seek to glorify God and serve the general public through educational programmes, counselling and prayers, Bible teaching, poverty alleviation, monthly food bank, quarterly community breakfast, free distribution of Gospel tracts and a weekly television programme on Faith TV sky channel 589 etc.",0.0,0.0,2026-03-05T00:00:00,1177452,True,1,AR25,2025-01-01T00:00:00,1767139200000,2026-10-31T00:00:00,2026-01-17T00:00:00,15179,14705,,,,,,0.0,,0.0,,0.0,,,0.0,,0.0,0.0,0.0,0.0,0.0,,,,,,,,,,,,,,,,,,,6.0,['Throughout England And Wales'],['Region'],Regional,q1
2026-02-13T00:00:00,5230176,1209597,0,THE RITA KEEGAN FOUNDATION,CIO,Registered,2024-08-14T00:00:00,,Submission Received,2024-08-14T00:00:00,2025-04-05T00:00:00,9000.0,18600.0,91 COPELAND ROAD,LONDON,,,,SE15 3SL,07932322945,ritakeeganfoundation@gmail.com,www.ritakeeganfoundation.org,,False,False,0.0,,1.0,0.0,,,,,2026-03-05T00:00:00,1209597,True,1,AR25,2024-08-14T00:00:00,1743811200000,2026-02-05T00:00:00,2026-01-30T00:00:00,9000,18600,,,,,,0.0,,0.0,,0.0,,,0.0,,0.0,0.0,0.0,0.0,0.0,,,,,,,,,,,,,,,,,,,10.0,['Throughout England And Wales'],['Region'],Regional,q1
2026-02-13T00:00:00,5202039,1200593,0,ROCKY ROAD FOUNDATION,CIO,Registered,2022-10-06T00:00:00,,Submission Received,2024-01-01T00:00:00,2024-12-31T00:00:00,6609.0,2327.0,6 Pottery Street,SWANSEA,West Glamorgan,,,SA1 2GA,07527069325,info@rockyroadfoundation.org.uk,www.rockyroadfoundation.org.uk,,False,False,0.0,,1.0,0.0,,"Rocky Road Foundation aims to raise awareness of mental fitness and well-being in sporting communities through educating, mentoring and supporting. ",0.0,0.0,2026-03-05T00:00:00,1200593,True,1,AR24,2024-01-01T00:00:00,1735603200000,2025-10-31T00:00:00,2025-10-08T00:00:00,6609,2327,,,,,,0.0,,2.0,,0.0,5284.0,,0.0,,0.0,0.0,0.0,0.0,0.0,,,,,,,,,,,,,,,,,,,12.0,['Throughout Wales'],['Region'],Regional,q1
2026-02-13T00:00:00,5112342,1178790,0,FENLAND BLACK OAK CIO,CIO,Registered,2018-06-14T00:00:00,,Submission Received,2023-09-01T00:00:00,2024-08-31T00:00:00,8756.0,5791.0,c/o ADAMSON &amp; LOW,The Old Piggery,Cuckoo Lane,Brenchley,TONBRIDGE,TN12 7HX,07711122538,thefenlandblackoakproject@gmail.com,www.thefenlandblackoakproject.co.uk,,False,False,0.0,,1.0,0.0,,The objects of the Charity are to preserve and promote the heritage and historical importance of the Jubilee Oak and Fenland Black Oak more generally by crafting a Jubilee Oak table and ensuring that the resulting work of craftmanship is displayed to the public.,1.0,0.0,2026-03-05T00:00:00,1178790,True,1,AR24,2023-09-01T00:00:00,1725062400000,2025-06-30T00:00:00,2025-05-20T00:00:00,8756,5791,,,,,,0.0,,0.0,,0.0,,,0.0,,0.0,0.0,0.0,0.0,0.0,,,,,,,,,,,,,,,,,,,5.0,['Throughout England'],['Region'],Regional,q1
2026-02-13T00:00:00,5130374,1182819,0,Bristol Inclusive Climbing,CIO,Registered,2019-04-05T00:00:00,,Submission Overdue,2023-04-07T00:00:00,2024-04-06T00:00:00,2834.0,6940.0,16 Muntjac Road,Langford,BRISTOL,,,BS40 5AH,07580619119,hello@bristolinclusiveclimbing.org,www.bristolinclusiveclimbing.org,,False,False,0.0,,1.0,0.0,,"Providing inclusive adventure sport opportunities, run by volunteers.",0.0,0.0,2026-03-05T00:00:00,1182819,True,1,AR24,2023-04-07T00:00:00,1712361600000,2025-02-06T00:00:00,2024-08-15T00:00:00,2834,6940,,,,,,0.0,,0.0,,0.0,,,0.0,,0.0,0.0,0.0,0.0,0.0,,,,,,,,,,,,,,,,,,,40.0,['Throughout England'],['Region'],Regional,q1
2026-02-13T00:00:00,5019275,1142758,0,THE BERGMAN LEHANE TRUST,Other,Registered,2011-07-06T00:00:00,,Submission Received,2023-07-01T00:00:00,2024-06-30T00:00:00,16688.0,429263.0,20 ELM TREE ROAD,LONDON,,,,NW8 9JP ,07753746929,leslie.bergman6@icloud.com,,,False,False,0.0,,0.0,0.0,,"To advance any purposes which are exclusively charitable under either the law of England and Wales, or equivalent International law, from time to time by providing grants to charities or other organisations or individuals identified by the trustees at their discretion.",1.0,0.0,2026-03-05T00:00:00,1142758,True,1,AR24,2023-07-01T00:00:00,1719705600000,2025-04-30T00:00:00,2025-04-17T00:00:00,16688,429263,,,,,,1.0,,0.0,,0.0,,,0.0,,1.0,0.0,1.0,0.0,0.0,,,,,,,,,,,,,,,,,,,0.0,['Throughout England'],['Region'],Regional,q1
2026-02-13T00:00:00,276901,276901,0,ROTARY CLUB OF TWICKENHAM UPON THAMES TRUST FUND,Trust,Registered,1978-12-15T00:00:00,,Submission Received,2024-07-01T00:00:00,2025-06-30T00:00:00,10748.0,11629.0,15 Harvey Avenue,DEAL,Kent,,,CT14 7DW,07899 963616,Robertpritt@btinternet.com,www.tutrotary.org,,False,False,0.0,,0.0,0.0,,General Charitable PurposesEducation/TrainingRelief of PovertyOverseas Aid/Famine ReliefEnvironment/conservation/heritageEconomic/community/development/employment,1.0,0.0,2026-03-05T00:00:00,276901,True,1,AR25,2024-07-01T00:00:00,1751241600000,2026-04-30T00:00:00,2025-11-19T00:00:00,10748,11629,,,,,,1.0,,0.0,,0.0,,,0.0,,0.0,0.0,0.0,0.0,0.0,,,,,,,,,,,,,,,,,,,50.0,"['Throughout London', 'Surrey']","['Region', 'Local Authority']",Regional,q1
2026-02-13T00:00:00,263138,263138,0,THE SONNING TRUST,Trust,Registered,1971-11-05T00:00:00,,Submission Received,2024-01-01T00:00:00,2024-12-31T00:00:00,14556.0,17654.0,34 Melville Close,SOUTHAMPTON,,,,SO16 8DE,02380734835,joyce_cousins@live.co.uk,,,False,False,0.0,,0.0,0.0,,"The charity is mainly involved with giving donations to other UK organisations who give donations to individuals and organisations operating overseas including Eastern Europe, Africa and India for the relief of poverty and the advancement of Christianity. This includes helping with such things as housing, heating and feeding schemes and medical bills including special diets.",1.0,0.0,2026-03-05T00:00:00,263138,True,1,AR24,2024-01-01T00:00:00,1735603200000,2025-10-31T00:00:00,2025-09-24T00:00:00,14556,17654,,,,,,1.0,,0.0,,0.0,,,0.0,,0.0,0.0,0.0,0.0,0.0,,,,,,,,,,,,,,,,,,,0.0,['Throughout England'],['Region'],Regional,q1
2026-02-13T00:00:00,5174353,1194639,0,MANGO & FRIENDS,CIO,Registered,2021-06-01T00:00:00,,Submission Double Default,2021-06-01T00:00:00,2022-06-30T00:00:00,31192.0,31404.0,29 PESCALL BOULEVARD,LEICESTER,,,,LE4 5FJ,07780500721,info@mangofriends.org,https://www.mangofriends.org,,False,False,0.0,,1.0,0.0,,Providing assistance to disabled children in Africa via fund raising activities,0.0,0.0,2026-03-05T00:00:00,1194639,True,1,AR22,2021-06-01T00:00:00,1656547200000,2023-04-30T00:00:00,2023-04-28T00:00:00,31192,31404,1.0,0.0,,0.0,,0.0,0.0,,0.0,,,,0.0,,0.0,,,,0.0,0.0,,,,,,,,,,,,,,,,,,2.0,['Somalia'],['Country'],International,q2
2026-02-13T00:00:00,5145933,1188887,0,HAZHARAN CHARITY CIO,CIO,Registered,2020-04-03T00:00:00,,Submission Overdue,2023-03-02T00:00:00,2024-03-01T00:00:00,32938.0,17055.0,21 HASLEWOOD DRIVE,LEEDS,,,,LS9 7PS,07375757541,Farhad.hazharan@outlook.com,,,False,False,0.0,,1.0,0.0,,this is a charity that aims to help with those who are in need of help in Kurdistan region of Iraq,0.0,0.0,2026-03-05T00:00:00,1188887,True,1,AR24,2023-03-02T00:00:00,1709251200000,2025-01-01T00:00:00,2025-06-26T00:00:00,32938,17055,,,,,,0.0,,0.0,,0.0,,,0.0,,0.0,0.0,0.0,0.0,0.0,,,,,,,,,,,,,,,,,,,4.0,"['Throughout England And Wales', 'Iraq']","['Region', 'Country']",International,q2
2026-02-13T00:00:00,5122614,1179579,0,THE FRIENDS OF THE SIERRA LEONE NATIONAL RAILWAY MUSEUM,Trust,Registered,2018-08-17T00:00:00,,Submission Received,2024-04-01T00:00:00,2025-03-31T00:00:00,22151.0,6448.0,141 MANOR DRIVE NORTH,YORK,,,,YO26 5SD,07805612995,foslnrm@outlook.com,www.sierraleonerailwaymuseum.org,,False,False,0.0,,0.0,0.0,,"We help to build the collection, and conserve and display items in the Sierra Leone National Railway Collection. We promote and organise meetings, lectures and events to foster interest in the SLNRM. We edit and publish of data, information, reproductions, books, periodicals, papers and pamphlets relating to the museum. We encourage the study of railway transport in Sierra Leone and its history.",1.0,0.0,2026-03-05T00:00:00,1179579,True,1,AR25,2024-04-01T00:00:00,1743379200000,2026-01-31T00:00:00,2025-12-01T00:00:00,22151,6448,,,,,,0.0,,0.0,,0.0,,,0.0,,0.0,0.0,0.0,0.0,0.0,,,,,,,,,,,,,,,,,,,4.0,"['Throughout England And Wales', 'Sierra Leone']","['Region', 'Country']",International,q2
2026-02-13T00:00:00,5061557,1162873,0,GULMI JILLA SAMAJ UK,Other,Registered,2015-07-28T00:00:00,,Submission Received,2024-01-01T00:00:00,2024-12-31T00:00:00,31491.0,30470.0,12 Thornlea,ASHFORD,Kent,,,TN23 3JX,02080902604,ram_galami@hotmail.co.uk,http://www.gulmisamajuk.co.uk/contact-us.html,,False,False,0.0,,0.0,0.0,,"Provision of financial aid and providing aid materials and facilities for the relief of poverty, financial hardship, sickness and distress in Nepal or elsewhere in the world as the trustees decide, in particular by the provision of goods, items, aid and relief.",0.0,0.0,2026-03-05T00:00:00,1162873,True,1,AR24,2024-01-01T00:00:00,1735603200000,2025-10-31T00:00:00,2025-10-31T00:00:00,31491,30470,,,,,,0.0,,0.0,,0.0,,,0.0,,0.0,0.0,0.0,0.0,0.0,,,,,,,,,,,,,,,,,,,360.0,"['Throughout London', 'Nepal']","['Region', 'Country']",International,q2
2026-02-13T00:00:00,5192544,1198407,0,SPORTS FOR SUSTAINABLE DEVELOPMENT FOUNDATION,CIO,Registered,2022-03-28T00:00:00,,Submission Received,2024-02-26T00:00:00,2025-02-25T00:00:00,16850.0,11850.0,9 VIOLETTE SZABO HOUSE,HAMILTON ROAD,,,,SE27 9RU,+447460945232,ibrahim.sustainabledevelopment@gmail.com,www.ssdf.org.uk,,False,False,0.0,,1.0,0.0,,"Capacity building, outreach activities, Sports (football), research, workshops, seminars",0.0,0.0,2026-03-05T00:00:00,1198407,True,1,AR25,2024-02-26T00:00:00,1740441600000,2025-12-25T00:00:00,2025-12-25T00:00:00,16850,11850,,,,,,0.0,,0.0,,0.0,,,0.0,,0.0,0.0,0.0,0.0,0.0,,,,,,,,,,,,,,,,,,,4.0,"['Throughout England And Wales', 'Sierra Leone', 'The Gambia', 'Uganda']","['Region', 'Country']",International,q2
2026-02-13T00:00:00,3987177,1094424,0,BUDDHIST ESSENTIAL SUPPORT TRUST,Other,Registered,2002-10-31T00:00:00,,Submission Received,2024-04-01T00:00:00,2025-03-31T00:00:00,17810.0,17628.0,105A ST STEPHENS ROAD,HOUNSLOW,MIDDX,,,TW3 2BL ,02088939683,thebesttrustuk@gmail.com,,,False,False,0.0,,0.0,0.0,,To preserve and contribute to the flourishing of Buddhism.,1.0,1.0,2026-03-05T00:00:00,1094424,True,1,AR25,2024-04-01T00:00:00,1743379200000,2026-01-31T00:00:00,2025-06-25T00:00:00,17810,17628,,,,,,0.0,,0.0,,0.0,,,0.0,,0.0,0.0,0.0,0.0,0.0,,,,,,,,,,,,,,,,,,,5.0,"['Throughout England And Wales', 'Burma']","['Region', 'Country']",International,q2
2026-02-13T00:00:00,5166426,1192467,0,HUMANITY IN NEED,CIO,Registered,2020-11-23T00:00:00,,Submission Received,2024-01-01T00:00:00,2024-12-31T00:00:00,22960.0,10119.0,REDBIRD ACCOUNTANTS,72 EVINGTON ROAD,LEICESTER,72 EVINGTON ROAD,,LE2 1HH,01163669980,wajahat@redbirdaccountants.co.uk,https://thehumanityinneed.org,,False,False,0.0,,1.0,0.0,,"RELIEF OF THOSE IN NEED BY THE SUPPLY OF ACCOMODATION, FOOD, COTHING AND MEDICAL AID.HELPING HOMELESS PERSONS AND OTHER PEOPLE IN NEED BY MEANS OF MAKING GRANTS OR LOANS FOR PROVIDING OR PAYING FOR ITEMS, EQUIPMENT, SERVICES AND FACILITIES.ADVANCEMENT OF EDUCATION BY THE PROVISION OF GRANTS TO SUCH INDIVIDUALS OR CHARITABLE INSTITUTIONS.",0.0,0.0,2026-03-05T00:00:00,1192467,True,1,AR24,2024-01-01T00:00:00,1735603200000,2025-10-31T00:00:00,2025-10-31T00:00:00,22960,10119,,,,,,0.0,,0.0,,0.0,,,0.0,,0.0,0.0,0.0,0.0,0.0,,,,,,,,,,,,,,,,,,,2.0,"['Throughout England And Wales', 'Pakistan', 'India', 'Bangladesh']","['Region', 'Country']",International,q2
2026-02-13T00:00:00,5015676,1142279,0,GLOBAL PUBLIC WELFARE TRUST,Trust,Registered,2011-06-07T00:00:00,,Submission Received,2024-01-01T00:00:00,2024-12-31T00:00:00,26055.0,26547.0,c/o SBE,Quadrant Court,49 Calthorpe Road,Edgbaston,Birmingham,B15 1TH,07887384516,shahidkhanpure@hotmail.co.uk,www.gpwt.org,,False,False,0.0,,0.0,0.0,,"Our Aims To set up medical centres in those areas where none exist so basic medical treatment can be provided for children and elderly people. A lot of people are suffering with diseases such as malaria, tuberculosis, HIV/AIDS, hepatitis-c, diabetes and cancer. These diseases are gaining epidemic proportions in the region and people cannot afford the treatment. Our aim is to help with treatment.",0.0,0.0,2026-03-05T00:00:00,1142279,True,1,AR24,2024-01-01T00:00:00,1735603200000,2025-10-31T00:00:00,2025-10-17T00:00:00,26055,26547,,,,,,0.0,,0.0,,0.0,,,0.0,,0.0,0.0,0.0,0.0,0.0,,,,,,,,,,,,,,,,,,,2.0,"['Birmingham City', 'Pakistan']","['Local Authority', 'Country']",International,q2
2026-02-13T00:00:00,5100617,1173707,0,FRATERNITY WITHOUT BORDERS UK,CIO,Registered,2017-07-06T00:00:00,,Submission Received,2024-04-01T00:00:00,2025-03-31T00:00:00,24514.0,27539.0,167-169 Great Portland street,5th Floor,,,,W1W 5PF,07841402336,INFO@FRATERNITYWITHOUTBORDERS.CO.UK,www.fraternitywithoutborders.co.uk,,False,False,0.0,,1.0,0.0,,"The relief of poverty in Mozambique, particularly but not exclusively by the provision of grants to charities or other organisations working to prevent or relieve poverty in Mozambique; and the advancement of such other charitable purpose (according to the law of England and Wales) in Mozambique as the trustees see fit from time to time.",0.0,0.0,2026-03-05T00:00:00,1173707,True,1,AR25,2024-04-01T00:00:00,1743379200000,2026-01-31T00:00:00,2025-11-17T00:00:00,24514,27539,,,,,,0.0,,0.0,,0.0,,,0.0,,0.0,0.0,0.0,0.0,0.0,,,,,,,,,,,,,,,,,,,0.0,['Mozambique'],['Country'],International,q2
2026-02-13T00:00:00,516453,516453,0,FAITH UNITED CHURCH OF GOD INTERNATIONAL,Other,Registered,1985-06-05T00:00:00,,Submission Received,2024-04-01T00:00:00,2025-03-31T00:00:00,33305.0,25266.0,111 KINGS AVENUE,GREENFORD,,,,UB6 9DF,01216051162,REV.RONALD111@GMAIL.COM,,,False,False,0.0,,0.0,0.0,,"*The advancement of the Protestant Christian faith, relief of poverty and the furtherance of education'",1.0,0.0,2026-03-05T00:00:00,516453,True,1,AR25,2024-04-01T00:00:00,1743379200000,2026-01-31T00:00:00,2026-01-26T00:00:00,33305,25266,,,,,,0.0,,0.0,,0.0,,,0.0,,0.0,0.0,0.0,0.0,0.0,,,,,,,,,,,,,,,,,,,12.0,"['Throughout London', 'Birmingham City', 'Dudley', 'Jamaica']","['Region', 'Local Authority', 'Country']",International,q2
2026-02-13T00:00:00,5185814,1196552,0,FARAN ACADEMY CHARITABLE TRUST (UK),Trust,Registered,2021-11-12T00:00:00,,Submission Received,2024-09-01T00:00:00,2025-08-31T00:00:00,35530.0,33672.0,7 QUEENS ROAD,BLACKBURN,,,,BB1 1QF,07384334956,y74h@hotmail.co.uk,,,False,False,0.0,,0.0,0.0,,"PROVIDE FINANCIAL RELIEF TO VICTIMS OF NATURAL OR OTHER KINDS OF DISASTERS.PROVIDE AID TO POVERTY STRICKEN FOR BOTH, SHORT AND LONG TERM.PROVIDE EDUCATION AND EDUCATIONAL FACILITIES WHERE REQUIRED.PROVISION OF SAFE PLACES OF WORSHIP FOR LOCAL MUSLIMS AND PROVIDING RELEVANT LITERATURE.",0.0,0.0,2026-03-05T00:00:00,1196552,True,1,AR25,2024-09-01T00:00:00,1756598400000,2026-06-30T00:00:00,2026-01-04T00:00:00,35530,33672,,,,,,0.0,,0.0,,0.0,,,0.0,,0.0,0.0,0.0,0.0,0.0,,,,,,,,,,,,,,,,,,,0.0,['India'],['Country'],International,q2
2026-02-13T00:00:00,5188423,1196178,0,KINGDOM WAY CHAPEL INTERNATIONAL,CIO,Registered,2021-10-18T00:00:00,,Submission Received Late,2023-09-01T00:00:00,2024-08-31T00:00:00,18603.0,15267.0,PERRY HALL METHODIST CHURCH,ROCKY LANE,PERRY BARR,BIRMINGHAM,,B42 1QF,07709850015,jimmyprice7@yahoo.com,,,False,False,0.0,,1.0,0.0,,,,,2026-03-05T00:00:00,1196178,True,1,AR24,2023-09-01T00:00:00,1725062400000,2025-06-30T00:00:00,2025-09-08T00:00:00,18603,15267,,,,,,0.0,,0.0,,0.0,,,0.0,,0.0,0.0,0.0,0.0,0.0,,,,,,,,,,,,,,,,,,,2.0,"['Throughout England', 'Ghana']","['Region', 'Country']",International,q2
2026-02-13T00:00:00,294761,294761,0,THE TIBETAN REFUGEE CHARITABLE TRUST,Other,Registered,1986-07-09T00:00:00,,Submission Received,2023-08-01T00:00:00,2024-07-31T00:00:00,20126.0,14595.0,256A LADYSMITH ROAD,ENFIELD,,,,EN1 3AF,02083676645,,,,False,False,0.0,,0.0,0.0,,The main objects of the charity are (a) to advance education amongst Tibetan refugee children and adults in exile; (b) to preserve and promote the cultural heritage of Tibet through the promotion of research and study and (c) to relieve poverty and hardship amongst Tibetans in exile,1.0,0.0,2026-03-05T00:00:00,294761,True,1,AR24,2023-08-01T00:00:00,1722384000000,2025-05-31T00:00:00,2025-03-31T00:00:00,20126,14595,,,,,,1.0,,0.0,,0.0,,,0.0,,0.0,0.0,0.0,0.0,0.0,,,,,,,,,,,,,,,,,,,0.0,['India'],['Country'],International,q2
2026-02-13T00:00:00,1002694,1002694,0,NEW HOPE RURAL COMMUNITY TRUST,Trust,Registered,1991-05-10T00:00:00,,Submission Received,2024-04-01T00:00:00,2025-03-31T00:00:00,24960.0,25696.0,49 ALFRED STREET,SOUTHAMPTON,,,,SO14 0NB,01903245343,,www.newhopeindia.org,,False,False,0.0,,0.0,0.0,,"PARTNER TRUST TO A TRUST IN INDIA. AWARENESS & FUND RAISING ON BEHALF OF LEPROSY RELIEF, HIV CARE, TRIBAL HEALTH CARE & CIVIL RIGHTS, WELL MOTHER & BABY TRAVELLING HEALTH WORKERS, POLIO CORRECTIVE SURGERY, CATARACT SURGERY & AFTERCARE, RESPONSE TO NATURAL DISASTERS.",1.0,0.0,2026-03-05T00:00:00,1002694,True,1,AR25,2024-04-01T00:00:00,1743379200000,2026-01-31T00:00:00,2025-06-04T00:00:00,24960,25696,,,,,,1.0,,0.0,,0.0,,,0.0,,0.0,0.0,0.0,0.0,0.0,,,,,,,,,,,,,,,,,,,0.0,['India'],['Country'],International,q2
2026-02-13T00:00:00,3997701,1102126,0,COMMONWEALTH HOUSING TRUST,Other,Registered,2004-02-16T00:00:00,,Submission Received,2023-12-01T00:00:00,2024-11-30T00:00:00,30478.0,22894.0,8 HUNGERSHALL PARK,TUNBRIDGE WELLS,,,,TN4 8NE,01892 527315,enquiries@cht-uk.org,www.commonwealthhousingtrust.org,,False,False,0.0,,0.0,0.0,,Relief of people in need by providing financial and material assistance for housing projects in any of the Commonwealth independent states whose membership is confirmed by the Commonwealth Secretariat,1.0,0.0,2026-03-05T00:00:00,1102126,True,1,AR24,2023-12-01T00:00:00,1732924800000,2025-09-30T00:00:00,2025-09-10T00:00:00,30478,22894,,,,,,1.0,,0.0,,0.0,,,0.0,,0.0,0.0,0.0,0.0,0.0,,,,,,,,,,,,,,,,,,,0.0,"['Kent', 'Kenya']","['Local Authority', 'Country']",International,q2
2026-02-13T00:00:00,3959064,1074595,0,ST. PETER'S FORDHAM PRESERVATION TRUST,Other,Registered,1999-03-09T00:00:00,,Submission Received,2024-04-01T00:00:00,2025-03-31T00:00:00,35734.0,64418.0,42 CHURCH STREET,FORDHAM,ELY,,,CB7 5NJ,01638721545,geoff.annemitchell@sky.com,,,False,False,0.0,,0.0,0.0,,Fundraising for upkeep of the parish church fabric.,1.0,0.0,2026-03-05T00:00:00,1074595,True,1,AR25,2024-04-01T00:00:00,1743379200000,2026-01-31T00:00:00,2025-11-23T00:00:00,35734,64418,,,,,,0.0,,0.0,,1.0,,1000.0,0.0,,0.0,0.0,0.0,0.0,0.0,,,,,,,,,,,,,,,,,,,10.0,['Cambridgeshire'],['Local Authority'],Local,q2
2026-02-13T00:00:00,5140048,1183214,0,HIGHER KINNERTON VILLAGE HALL,CIO,Registered,2019-05-01T00:00:00,,Submission Received,2024-04-01T00:00:00,2025-03-31T00:00:00,29240.0,27156.0,VILLAGE HALL,BENNETTS LANE,HIGHER KINNERTON,CHESTER,,CH4 9AR,01244660777,dwilliams881@btinternet.com,,,False,False,0.0,,1.0,0.0,,"The provision and maintenance of a village hall for the use of the inhabitants of Higher Kinnerton and surrounding districts without distinction of political, religious or other opinions, including use for:a) meetings, lectures and classes, and b) other forms of recreation and leisure-time occupation, with the object of improving the conditions of life for the inhabitants",0.0,1.0,2026-03-05T00:00:00,1183214,True,1,AR25,2024-04-01T00:00:00,1743379200000,2026-01-31T00:00:00,2026-01-25T00:00:00,29240,27156,,,,,,0.0,,0.0,,2.0,,9500.0,0.0,,0.0,0.0,0.0,0.0,0.0,,,,,,,,,,,,,,,,,,,0.0,['Flintshire'],['Local Authority'],Local,q2
2026-02-13T00:00:00,5220521,1203629,0,BURGESS HILL CREATIVE COMMUNITY (BHCC),CIO,Registered,2023-06-19T00:00:00,,Submission Received,2023-06-19T00:00:00,2024-07-31T00:00:00,28310.0,9451.0,Millets,77 Church Walk,BURGESS HILL,West Sussex,,RH15 9BQ,07958595685,info@bhcreativecommunity.co.uk,www.bhcreativecommunity.co.uk,,False,False,0.0,,1.0,0.0,,Creative Arts and Craft Activities,0.0,1.0,2026-03-05T00:00:00,1203629,True,1,AR24,2023-06-19T00:00:00,1722384000000,2025-05-31T00:00:00,2024-10-04T00:00:00,28310,9451,,,,,,0.0,,0.0,,0.0,,,0.0,,0.0,0.0,0.0,0.0,0.0,,,,,,,,,,,,,,,,,,,15.0,['West Sussex'],['Local Authority'],Local,q2
2026-02-13T00:00:00,5150063,1186508,0,FRIENDS ASSOCIATION OF GREAT DUNMOW PRIMARY SCHOOL,Other,Registered,2019-11-21T00:00:00,,Submission Received,2023-09-01T00:00:00,2024-08-31T00:00:00,32665.0,26833.0,GREAT DUNMOW PRIMARY SCHOOL,WALNUT WALK,WOODLANDS PARK DRIVE,DUNMOW,,CM6 1ZR,01371873184,friends@greatdunmow-pri.essex.sch.uk,,,False,False,0.0,,0.0,0.0,,To advance the education of pupils in the school.,0.0,0.0,2026-03-05T00:00:00,1186508,True,1,AR24,2023-09-01T00:00:00,1725062400000,2025-06-30T00:00:00,2025-05-07T00:00:00,32665,26833,,,,,,0.0,,0.0,,0.0,,,0.0,,0.0,0.0,0.0,0.0,0.0,,,,,,,,,,,,,,,,,,,15.0,['Essex'],['Local Authority'],Local,q2
2026-02-13T00:00:00,4011954,1107563,0,ST MARGARETS C OF E PRIMARY SCHOOL WITHERN PTA,Other,Registered,2005-01-11T00:00:00,,Submission Received,2024-09-01T00:00:00,2025-08-31T00:00:00,19780.0,16493.0,St. Margarets C Of E School,Main Road,Withern,ALFORD,Lincolnshire,LN13 0NB,01507450375,,,,False,False,0.0,,0.0,0.0,,To raise funds through activites to provide equipment and resources to add support to the school and the pupils for their education.,0.0,0.0,2026-03-05T00:00:00,1107563,True,1,AR25,2024-09-01T00:00:00,1756598400000,2026-06-30T00:00:00,2025-11-05T00:00:00,19780,16493,,,,,,0.0,,0.0,,0.0,,,0.0,,0.0,0.0,0.0,0.0,0.0,,,,,,,,,,,,,,,,,,,10.0,['Lincolnshire'],['Local Authority'],Local,q2
2026-02-13T00:00:00,302106,302106,0,24TH CHELTENHAM (LECKHAMPTON) SCOUT GROUP,Other,Registered,1962-10-15T00:00:00,,Submission Received,2024-04-01T00:00:00,2025-03-31T00:00:00,35111.0,24522.0,207 Leckhampton Road,CHELTENHAM,Gloucestershire,,,GL53 0AL,07711889705,treasurer@leckhamptonscouts.org.uk,www.leckhamptonscouts.org.uk,,False,False,0.0,,0.0,0.0,,"Providing a community facility for children and young people, which offers play opportunites, education and training.",1.0,1.0,2026-03-05T00:00:00,302106,True,1,AR25,2024-04-01T00:00:00,1743379200000,2026-01-31T00:00:00,2026-01-25T00:00:00,35111,24522,,,,,,0.0,,0.0,,0.0,,,0.0,,0.0,0.0,0.0,0.0,0.0,,,,,,,,,,,,,,,,,,,12.0,['Gloucestershire'],['Local Authority'],Local,q2
2026-02-13T00:00:00,3945315,1066871,0,CHRYSALIS YOUTH AND COMMUNITY PROJECT,Charitable company,Registered,1997-12-16T00:00:00,,Submission Received,2023-11-01T00:00:00,2024-10-31T00:00:00,31286.0,105416.0,Chrysalis Youth Project,Stansfield Road,Airedale,Castleford,,WF10 3UA,01977736284,chrysproj@aol.com,www.chrysalisyouthproject.co.uk,03448225,False,False,0.0,,0.0,0.0,,"The Project provides educational, cultural, social,welfare,training, recreational and leisure time activities for the youth and surrounding community for self sustainability and self sufficiency Discounted refurbished computers and consumables and a re-cycling collection serviceFull garage repair service, Room hire",0.0,1.0,2026-03-05T00:00:00,1066871,True,1,AR24,2023-11-01T00:00:00,1730332800000,2025-08-31T00:00:00,2025-07-24T00:00:00,31286,105416,,,,,,0.0,,0.0,,0.0,,,1.0,1.0,0.0,0.0,0.0,0.0,0.0,0.0,,,,,,,,,,,,,,,,,,0.0,"['Doncaster', 'Bradford City', 'Leeds City', 'City Of Wakefield', 'North Yorkshire', 'East Riding Of Yorkshire', 'City Of York']",['Local Authority'],Local,q2
2026-02-13T00:00:00,5017609,1142735,0,SOUTH NORWOOD & WOODSIDE COMMUNITY ASSOCIATION,Charitable company,Registered,2011-07-05T00:00:00,,Submission Received,2024-04-01T00:00:00,2025-03-31T00:00:00,18786.0,12845.0,c/o CNCA,Davidson Lodge,Freemasons Road,CROYDON,,CR0 6PD,02087682698,snwca@hotmail.co.uk,,07258983,False,False,0.0,,0.0,0.0,,"Neighbourhood care services in South Norwood & Woodside, including -a)   A Pop-In / Day Centre. b)   A Lunch Club for older people . c)   An activity centre and lunch for adults with learning disabilities. d)   Transport services with wheelchair access, notably for older/ housebound/ disabled people to a supermarket e)   Relevant activities for users of the Centre",0.0,0.0,2026-03-05T00:00:00,1142735,True,1,AR25,2024-04-01T00:00:00,1743379200000,2026-01-31T00:00:00,2026-01-27T00:00:00,18786,12845,,,,,,0.0,,0.0,,0.0,,,0.0,,0.0,0.0,0.0,0.0,0.0,0.0,,,,,,,,,,,,,,,,,,15.0,['Croydon'],['Local Authority'],Local,q2
2026-02-13T00:00:00,301404,301404,0,SOUTH WEALD PARISH HALL,Other,Registered,1963-05-08T00:00:00,,Submission Received,2024-08-01T00:00:00,2025-07-31T00:00:00,25405.0,22810.0,34 Wingrave Crescent,Brentwood,,,,CM14 5PA,07847388014,gordon_chalkley@hotmail.co.uk,,,False,False,0.0,,0.0,0.0,,"South Weald Parish Hall provides facilities for all ages in the Brentwood , Essex area. Such facilities include fitness and dance classes,childrens groups, Brownies, Drama groups and childrens parties.",0.0,0.0,2026-03-05T00:00:00,301404,True,1,AR25,2024-08-01T00:00:00,1753920000000,2026-05-31T00:00:00,2025-10-11T00:00:00,25405,22810,,,,,,0.0,,0.0,,0.0,,,0.0,,1.0,0.0,1.0,0.0,0.0,0.0,,,,,,,,,,,,,,,,,,2.0,['Essex'],['Local Authority'],Local,q2
2026-02-13T00:00:00,505723,505723,0,GWELFOR COMMUNITY CONCERN URBAN AID,Other,Registered,1976-11-19T00:00:00,,Submission Received,2024-04-01T00:00:00,2025-03-31T00:00:00,22196.0,31449.0,GWELFOR COMMUNITY CENTRE,FFORDD TUDUR,HOLYHEAD,ANGLESEY,,LL65 2DH,01407763559,gcc.2@hotmail.com,www.gwelforcommunitycentre.com,,False,False,0.0,,0.0,0.0,,"Community Centre.To promote the benefit of all inhabitants of Morawelon - London Road area and neighbourhood without distinction of sex or of, religious or other opinions by associating the local L.A., voluntary organisations and inhabitants in a common effort to advance education and to provide facilities in the interests of social welfare and recreation and leisure time occupation.",0.0,0.0,2026-03-05T00:00:00,505723,True,1,AR25,2024-04-01T00:00:00,1743379200000,2026-01-31T00:00:00,2026-01-16T00:00:00,22196,31449,,,,,,0.0,,0.0,,1.0,,1813.0,0.0,,1.0,0.0,1.0,0.0,0.0,0.0,,,,,,,,,,,,,,,,,,25.0,['Isle Of Anglesey'],['Local Authority'],Local,q2
2026-02-13T00:00:00,203189,203189,0,WILTON UNITED CHARITIES,Other,Registered,1962-03-07T00:00:00,,Submission Received,2024-04-01T00:00:00,2025-03-31T00:00:00,27547.0,175793.0,WMSET Centre,27A West Street,Wilton,Salisbury,Wiltshire,SP2 0DL,01722742393,wiltonpcc@btinternet.com,,,False,False,0.0,,0.0,0.0,,"Provision of six one bedroom flats at St. Giles Hospital, King Street, Wilton, for persons in need who are connected to Wilton.",0.0,1.0,2026-03-05T00:00:00,203189,True,1,AR25,2024-04-01T00:00:00,1743379200000,2026-01-31T00:00:00,2025-11-07T00:00:00,27547,175793,,,,,,0.0,,0.0,,0.0,,,0.0,,0.0,0.0,0.0,0.0,0.0,0.0,,,,,,,,,,,,,,,,,,0.0,['Wiltshire'],['Local Authority'],Local,q2
2026-02-13T00:00:00,5041241,1155243,0,TWYFORD DISTRICT YOUTH AND COMMUNITY CENTRE,CIO,Registered,2014-01-08T00:00:00,,Submission Received,2023-10-01T00:00:00,2024-09-30T00:00:00,29410.0,31958.0,Twyford Youth &amp; Community Centre,3 Loddon Hall Road,Twyford,READING,,RG10 9JA,01189340891,twyfordyouth@gmail.com,http://www.tdyc.co.uk,CE000634,False,False,0.0,,1.0,0.0,,"Youth club: We provide a safe place for young people in the district to come for recreational activities, computer access, fitness, education, counselling and advice from trained professionals.Sports Hall: We provide an affordable venue for groups and residents from the district to hire for fitness and social activities.",0.0,1.0,2026-03-05T00:00:00,1155243,True,1,AR24,2023-10-01T00:00:00,1727654400000,2025-07-30T00:00:00,2025-06-27T00:00:00,29410,31958,,,,,,0.0,,0.0,,0.0,,,0.0,,0.0,0.0,0.0,0.0,0.0,0.0,,,,,,,,,,,,,,,,,,10.0,['Wokingham'],['Local Authority'],Local,q2
2026-02-13T00:00:00,305244,305244,0,THE HASTINGS YOUTH TRUST,Trust,Registered,1967-11-24T00:00:00,,Submission Received,2024-04-06T00:00:00,2025-04-05T00:00:00,36057.0,35701.0,Glenwood,151 Old Roar Road,St. Leonards on Sea,East Sussex,,,01424 754608,,www.hastingsyouthtrust.org.uk,,False,False,0.0,,0.0,0.0,,A grant making charity which assists recognised organisations and individuals under the age of 25 who live in the Borough of Hastings or within 5 miles of the Borough boundary,0.0,1.0,2026-03-05T00:00:00,305244,True,1,AR25,2024-04-06T00:00:00,1743811200000,2026-02-05T00:00:00,2025-12-17T00:00:00,36057,35701,,,,,,1.0,,0.0,,0.0,,,0.0,,0.0,0.0,0.0,0.0,0.0,,,,,,,,,,,,,,,,,,,0.0,['East Sussex'],['Local Authority'],Local,q2
2026-02-13T00:00:00,3961052,1076518,0,THE BARS AND JIM MAGGS CHARITABLE WILL TRUST,Other,Registered,1999-07-12T00:00:00,,Submission Received,2024-04-01T00:00:00,2025-03-31T00:00:00,20633.0,0.0,Glebe Cottage,Hawkchurch,AXMINSTER,Devon,,EX13 5XD,07739466226,Polly.maggs@icloud.com,,,False,False,0.0,,0.0,0.0,,"Please Note: Only provides grants to registered charities based in Bristol, South Gloucestershire, North Somerset and Bath & North East Somerset",0.0,0.0,2026-03-05T00:00:00,1076518,True,1,AR25,2024-04-01T00:00:00,1743379200000,2026-01-31T00:00:00,2025-12-04T00:00:00,20633,0,,,,,,1.0,,0.0,,0.0,,,0.0,,0.0,0.0,0.0,0.0,0.0,,,,,,,,,,,,,,,,,,,0.0,"['North Somerset', 'Bath And North East Somerset', 'South Gloucestershire', 'Bristol City']",['Local Authority'],Local,q2
2026-02-13T00:00:00,259042,259042,0,LECTURESHIP ENDOWMENT OF EDWARD LEWIS,Other,Registered,1969-07-29T00:00:00,,Submission Received,2024-01-01T00:00:00,2024-12-31T00:00:00,29998.0,33829.0,GELLIGAER LECTURESHIP ENDOWMENT,EQUITY CHAMBERS,JOHN FROST SQUARE,NEWPORT,,NP20 1PW,01633262952,timothyrussen@jacklyndawson.co.uk,,,False,False,0.0,,0.0,0.0,,"Grants to the vicar of St Davids, Fleur-de-Lis and for the benefit of the church and parsonage or for the extension of church work within the ancient parishes of Bedwellty and Mynyddiolwyn.",0.0,1.0,2026-03-05T00:00:00,259042,True,1,AR24,2024-01-01T00:00:00,1735603200000,2025-10-31T00:00:00,2025-06-09T00:00:00,29998,33829,,,,,,1.0,,0.0,,0.0,,,0.0,,0.0,0.0,0.0,0.0,0.0,,,,,,,,,,,,,,,,,,,0.0,['Caerphilly'],['Local Authority'],Local,q2
2026-02-13T00:00:00,5130717,1184699,0,OURBRAINBANK,CIO,Registered,2019-07-31T00:00:00,,Submission Received,2024-01-01T00:00:00,2024-12-31T00:00:00,27711.0,20939.0,2 Florida Street,LONDON,,,,E2 6AL,07885 651841,ukinfo@ourbrainbank.org,ourbrainbank.org,,False,False,0.0,,1.0,0.0,,"OurBrainBank is an an innovative, patient-led movement designed to move glioblastoma (GBM) from terminal to treatable, powered by patients.  It's the first non-profit created by, for, and with people with GBM, a rare and deadly brain cancer whose 5-year survival rate is 5%.  Our Founder and Chair, Jessica Morris, a British national living in the US, was disgnosed with GBM in January 2016.",1.0,0.0,2026-03-05T00:00:00,1184699,True,1,AR24,2024-01-01T00:00:00,1735603200000,2025-10-31T00:00:00,2025-10-27T00:00:00,27711,20939,,,,,,0.0,,0.0,,0.0,,,0.0,,0.0,0.0,0.0,0.0,0.0,0.0,,,,,,,,,,,,,,,,,,0.0,"['Throughout England And Wales', 'Scotland', 'Northern Ireland']","['Region', 'Country']",National,q2
2026-02-13T00:00:00,5005600,1134422,0,COOLAM,Charitable company,Registered,2010-02-22T00:00:00,,Submission Received,2024-10-01T00:00:00,2025-09-30T00:00:00,23809.0,22264.0,FLAT B,6 Northfield Road,Stoke Newington,LONDON,,N16 5RN,07503695639,,,07012574,False,False,0.0,,0.0,0.0,,"To advance public education and research in the Kabbalah, including the publication of the results of such research and in particular, though not exclusively, through the provision of centres across the UK for educational activities. To circulate multimedia and printed materials about the Wisdom of Kabbalah.",1.0,0.0,2026-03-05T00:00:00,1134422,True,1,AR25,2024-10-01T00:00:00,1759190400000,2026-07-30T00:00:00,2026-01-09T00:00:00,23809,22264,,,,,,0.0,,0.0,,0.0,,,0.0,,0.0,0.0,0.0,0.0,0.0,,,,,,,,,,,,,,,,,,,0.0,['Scotland'],['Country'],National,q2
2026-02-13T00:00:00,5043085,1157845,0,ASSOCIATION FOR IMPROVEMENTS IN THE MATERNITY SERVICES,CIO,Registered,2014-07-14T00:00:00,,Submission Received,2024-04-01T00:00:00,2025-03-31T00:00:00,21103.0,24210.0,1 Carlton Close,Camberley,,,,GU15 1DS,01276510575,charity@aims.org.uk,www.aims.org.uk,,False,False,0.0,,1.0,0.0,,"AIMS is a volunteer run charity campaigning on maternity issues and providing birth information and support via helpline, website and publications. We believe that women should be supported to make informed decisions about what is right for them when they are pregnant, giving birth and when feeding and caring for their baby, and work towards making this a reality for all families in the UK",1.0,0.0,2026-03-05T00:00:00,1157845,True,1,AR25,2024-04-01T00:00:00,1743379200000,2026-01-31T00:00:00,2025-12-17T00:00:00,21103,24210,,,,,,0.0,,0.0,,0.0,,,0.0,,0.0,0.0,0.0,0.0,0.0,0.0,,,,,,,,,,,,,,,,,,88.0,"['Throughout England And Wales', 'Scotland', 'Northern Ireland']","['Region', 'Country']",National,q2
2026-02-13T00:00:00,5170639,1192659,0,THE EMOTIONAL HELP HUB UK LTD,Charitable company,Registered,2020-12-04T00:00:00,,Submission Received,2023-05-01T00:00:00,2024-04-30T00:00:00,33734.0,33608.0,Woodstock Lodge,Blenheim Palace Grounds,WOODSTOCK,Oxfordshire,,OX20 1PP,01993 810500,info@thehelphub.co.uk,www.thehelphub.co.uk,12563121,False,False,0.0,,0.0,0.0,,The Help Hub offers low cost emotional counselling sessions to those in need.,0.0,0.0,2026-03-05T00:00:00,1192659,True,1,AR25,2024-05-01T00:00:00,1745971200000,2026-02-28T00:00:00,2026-02-17T00:00:00,30019,26939,,,,,,0.0,,0.0,,0.0,,,0.0,,0.0,0.0,0.0,0.0,0.0,0.0,,,,,,,,,,,,,,,,,,0.0,"['Throughout England And Wales', 'Scotland', 'Northern Ireland']","['Region', 'Country']",National,q2
2026-02-13T00:00:00,1000568,1000568,0,THE WESTMINSTER CHAMBER ORCHESTRA CHARITABLE TRUST,Trust,Registered,1990-10-12T00:00:00,,Submission Received,2024-01-01T00:00:00,2024-12-31T00:00:00,22210.0,25044.0,152 BLACKMOOR WOOD,ASCOT,,,,SL5 8EZ,01344 88 23 38,npso@hotmail.co.uk,www.npso.co.uk,,False,False,0.0,,0.0,0.0,,The Charity provides opportunities for young musicians to have access to educational group music making by supporting and arranging concerts and music courses.,0.0,0.0,2026-03-05T00:00:00,1000568,True,1,AR24,2024-01-01T00:00:00,1735603200000,2025-10-31T00:00:00,2025-10-28T00:00:00,22210,25044,,,,,,0.0,,0.0,,0.0,,,0.0,,1.0,0.0,1.0,0.0,0.0,,,,,,,,,,,,,,,,,,,0.0,['Scotland'],['Country'],National,q2
2026-02-13T00:00:00,5224012,1204544,0,BRAVE PARENTS,CIO,Registered,2023-08-31T00:00:00,,Submission Received,2023-08-31T00:00:00,2024-08-31T00:00:00,26254.0,19393.0,MJ Bushell Ltd,Kings House,101-135 Kings Road,BRENTWOOD,Essex,CM14 4DR,01277230900,Brave.parents@aol.com,www.braveparents.co.uk,,False,False,0.0,,1.0,0.0,,"Brave Parents is a registered charity created to provide self care opportunities for parents who have children with complex medical needs.'Complex medical needs' refers to children who have been diagnosed by a medical professional, with an illness, disability or sensory impairment (sight and/or hearing impairment) that requires substantial daily support from a Parent Carer.",0.0,0.0,2026-03-05T00:00:00,1204544,True,1,AR24,2023-08-31T00:00:00,1725062400000,2025-06-30T00:00:00,2025-03-12T00:00:00,26254,19393,,,,,,0.0,,0.0,,0.0,,,0.0,,0.0,0.0,0.0,0.0,0.0,,,,,,,,,,,,,,,,,,,25.0,"['Throughout England And Wales', 'Scotland', 'Northern Ireland', 'Jersey']","['Region', 'Country']",National,q2
2026-02-13T00:00:00,5070961,1167755,0,THE ASSOCIATION FOR PSYCHODYNAMIC PRACTICE AND COUNSELLING IN ORGANISATIONAL SETTINGS,Charitable company,Registered,2016-06-21T00:00:00,,Submission Received,2024-04-01T00:00:00,2025-03-31T00:00:00,23095.0,22689.0,60 LORDSHIP PARK,LONDON,,,,N16 5UA,07986769378,admin@appcios.info,appcios.info,08071974,False,False,0.0,,0.0,0.0,,Registration of therapists and counsellors. Promotion of training including webinars and infant observation. Running peer supervision groups. Mentoring. Provision of therapeutic services to the public.,0.0,0.0,2026-03-05T00:00:00,1167755,True,1,AR25,2024-04-01T00:00:00,1743379200000,2026-01-31T00:00:00,2025-12-31T00:00:00,23095,22689,,,,,,0.0,,0.0,,0.0,,,0.0,,0.0,0.0,0.0,0.0,0.0,0.0,,,,,,,,,,,,,,,,,,7.0,"['Throughout England And Wales', 'Scotland', 'Belgium']","['Region', 'Country']",National,q2
2026-02-13T00:00:00,4048933,1135548,0,BEAUMONT SOCIETY,Other,Registered,2010-04-15T00:00:00,,Submission Received,2023-07-01T00:00:00,2024-06-30T00:00:00,23307.0,24631.0,27 OLD GLOUCESTER STREET,LONDON,,,,WC1N 3XX,01297 816855,membership@beaumontsociety.org,www.beaumontsociety.org,,False,False,0.0,,0.0,0.0,,Support activities for the Transgender communityEducation of other organisations / people regarding Transgender,1.0,0.0,2026-03-05T00:00:00,1135548,True,1,AR24,2023-07-01T00:00:00,1719705600000,2025-04-30T00:00:00,2025-04-25T00:00:00,23307,24631,,,,,,0.0,,0.0,,0.0,,,0.0,,0.0,0.0,0.0,0.0,0.0,,,,,,,,,,,,,,,,,,,12.0,"['Throughout England And Wales', 'Scotland']","['Region', 'Country']",National,q2
2026-02-13T00:00:00,4003982,1102164,0,PROGRESSIVE CHRISTIANITY NETWORK - BRITAIN,Other,Registered,2004-02-18T00:00:00,,Submission Received,2024-01-01T00:00:00,2024-12-31T00:00:00,30914.0,37559.0,Tremains,26 High Street,Newnham,,,GL14 1BB,01594516528,info@pcnbritain.org.uk,www.pcnbritain.org.uk,,False,False,0.0,,0.0,0.0,,"To support, promote and network open Christian understanding, both for individuals and for congregrationsTo be inclusive in its concern for that open understandingTo promote a way of living within the wide and rich diversity of churchTo engage in discussion and negotiation with denominational leadershipTo develop a visible presence of open Christian congregations and communities",1.0,0.0,2026-03-05T00:00:00,1102164,True,1,AR24,2024-01-01T00:00:00,1735603200000,2025-10-31T00:00:00,2025-05-29T00:00:00,30914,37559,,,,,,0.0,,0.0,,0.0,,,0.0,,0.0,0.0,0.0,0.0,0.0,0.0,,,,,,,,,,,,,,,,,,60.0,"['Throughout England And Wales', 'Scotland']","['Region', 'Country']",National,q2
2026-02-13T00:00:00,3978345,1089142,0,ASSOCIATION OF LIGHTHOUSE KEEPERS,Other,Registered,2001-10-31T00:00:00,,Submission Received,2024-07-01T00:00:00,2025-06-30T00:00:00,32155.0,29261.0,54 Wilton Avenue,LONDON,,,,W4 2HY,07831436597,secretary@alk.org.uk,www.alk.org.uk,,False,False,0.0,,0.0,0.0,,"The advancement of education of the general public in Pharology, defined for these pruposes as study in the history and current practice of coastal and inland aids to navigation, through the provision of information, education activities and the maintenance of an archive.  The ALK  also maintain and keep a Lighthouse Museum at Hurst Castle, Hampshire, open to the public.",1.0,0.0,2026-03-05T00:00:00,1089142,True,1,AR25,2024-07-01T00:00:00,1751241600000,2026-04-30T00:00:00,2025-11-09T00:00:00,32155,29261,,,,,,0.0,,0.0,,0.0,,,0.0,,0.0,0.0,0.0,0.0,0.0,,,,,,,,,,,,,,,,,,,39.0,"['Throughout England And Wales', 'Scotland', 'Northern Ireland']","['Region', 'Country']",National,q2
2026-02-13T00:00:00,3966012,1080327,0,THE SICK DOCTORS TRUST,CIO,Registered,2000-04-13T00:00:00,,Submission Received,2024-04-02T00:00:00,2025-04-01T00:00:00,18029.0,9799.0,2/1 57 Fotheringay Road,GLASGOW,,,,G41 4NN,07779629698,help@sick-doctors-trust.co.uk,www.sick-doctors-trust.co.uk,,False,False,0.0,,1.0,0.0,,Offers help and advice to doctors addicted to alcohol & drugs. Also advice & support to relatives. Works to promote understanding of the illness amongst the profession.,0.0,0.0,2026-03-05T00:00:00,1080327,True,1,AR25,2024-04-02T00:00:00,1743465600000,2026-02-01T00:00:00,2026-01-26T00:00:00,18029,9799,,,,,,0.0,,0.0,,0.0,,,0.0,,0.0,0.0,0.0,0.0,0.0,,,,,,,,,,,,,,,,,,,0.0,"['Throughout England And Wales', 'Scotland', 'Northern Ireland']","['Region', 'Country']",National,q2
2026-02-13T00:00:00,3104818,1063937,0,PLACEMENT IN INDUSTRY NETWORK (PLACENET),Other,Registered,1997-08-13T00:00:00,,Submission Double Default,2016-10-01T00:00:00,2017-09-30T00:00:00,17389.0,18253.0,SWANSEA UNIVERSITY,SINGLETON PARK,SWANSEA,,,SA2 8PP,0772875371,info@placenet.org.uk,www.placenet.org.uk,,False,False,0.0,,0.0,0.0,,"To advance education of students in higher education and in particular, but not exclusively, by enhancing the organisation, management and provisions of academic and vocational experience for such students.",0.0,0.0,2026-03-05T00:00:00,1063937,True,1,AR17,2016-10-01T00:00:00,1506729600000,2018-07-30T00:00:00,2018-07-09T00:00:00,17389,18253,0.0,,,,,0.0,,,,,0.0,0.0,0.0,,,0.0,,,,,,,,,,,,,,,,,,,,,,0.0,"['Throughout England And Wales', 'Scotland', 'Ireland']","['Region', 'Country']",National,q2
2026-02-13T00:00:00,226127,226127,0,FLEXERCISE WLHB,Charitable company,Registered,1964-03-05T00:00:00,,Submission Received,2024-03-31T00:00:00,2025-03-30T00:00:00,19451.0,66242.0,W L H B,PO Box 6981,BASINGSTOKE,,,RG24 4GH,01256327014,hello@fl-exercise.com,www.fl-exercise.com,00487405,False,False,0.0,,0.0,0.0,,Supporting the training of teachers in Bagot Stack system of exercise to enable them to set up and teach FLexercise classes around the UK.,1.0,0.0,2026-03-05T00:00:00,226127,True,1,AR25,2024-03-31T00:00:00,1743292800000,2026-01-30T00:00:00,2026-01-28T00:00:00,19451,66242,,,,,,1.0,,0.0,,0.0,,,0.0,,0.0,0.0,0.0,0.0,0.0,0.0,,,,,,,,,,,,,,,,,,6.0,['Scotland'],['Country'],National,q2
2026-02-13T00:00:00,4031876,1121456,0,CANOE FOUNDATION,Charitable company,Registered,2007-11-01T00:00:00,,Submission Received,2023-11-01T00:00:00,2024-10-31T00:00:00,32295.0,42897.0,National Water Sports Centre,Adbolton Lane,Holme Pierrepont,Nottingham,,NG12 2LU,03000119500,info@canoefoundation.org.uk,www.canoefoundation.org.uk,06194565,False,False,0.0,,0.0,0.0,,"The objectives of the Canoe Foundation are principally to raise money; inform and educate; and allocate funds, in line with the Charity's mission statement: 'Positively changing lives through canoeing'.  This includes support for young people and equality.",0.0,0.0,2026-03-05T00:00:00,1121456,True,1,AR24,2023-11-01T00:00:00,1730332800000,2025-08-31T00:00:00,2025-07-15T00:00:00,32295,42897,,,,,,1.0,,0.0,,0.0,,,0.0,,0.0,0.0,0.0,0.0,0.0,,,,,,,,,,,,,,,,,,,2.0,"['Throughout England And Wales', 'Scotland', 'Northern Ireland']","['Region', 'Country']",National,q2
2026-02-13T00:00:00,5235772,1209226,0,THE DOMINIC WEBBER TRUST,Trust,Registered,2024-07-22T00:00:00,,Submission Received,2024-04-01T00:00:00,2025-03-31T00:00:00,34170.0,98155.0,C/O DIXON WILSON,22 CHANCERY LANE,LONDON,,,WC2A 1LS,02076808100,thomaswest@dixonwilson.co.uk,,,False,False,0.0,,0.0,0.0,,,,,2026-03-05T00:00:00,1209226,True,1,AR25,2024-04-01T00:00:00,1743379200000,2026-01-31T00:00:00,2026-01-28T00:00:00,34170,98155,,,,,,1.0,,0.0,,0.0,,,0.0,,1.0,0.0,1.0,0.0,0.0,0.0,,,,,,,,,,,,,,,,,,0.0,"['Throughout England And Wales', 'Scotland', 'Northern Ireland']","['Region', 'Country']",National,q2
2026-02-13T00:00:00,4018492,1111976,0,CHRISTIAN CHURCH OF GOD PENTECOSTAL,Charitable company,Registered,2005-11-08T00:00:00,,Submission Received,2023-10-01T00:00:00,2024-09-30T00:00:00,33916.0,28716.0,Christian Church of God Pentecostal,88 Eltham High Street,LONDON,,,SE9 1BW ,01375484163,mikepatccg@hotmail.co.uk,www.ccogp.org,05526997,False,False,0.0,,0.0,0.0,,To advance the Christian Religion in accordance with the statement of faith attached to the Memorandum as the Trustees see fit from time to time.,1.0,1.0,2026-03-05T00:00:00,1111976,True,1,AR24,2023-10-01T00:00:00,1727654400000,2025-07-30T00:00:00,2025-06-16T00:00:00,33916,28716,,,,,,0.0,,0.0,,0.0,,,0.0,,0.0,0.0,0.0,0.0,0.0,,,,,,,,,,,,,,,,,,,0.0,['Throughout England And Wales'],['Region'],Regional,q2
2026-02-13T00:00:00,3078747,1061402,0,SOLACE COMMUNITY,Trust,Registered,1997-03-19T00:00:00,,Submission Received,2024-04-06T00:00:00,2025-04-05T00:00:00,26177.0,53758.0,Star House,Star Hill Road,Dunton Green,Sevenoaks,Kent,TN14 6HA,01959532505,office@mothersprayers.org,www.mothersprayers.org,,False,False,0.0,,0.0,0.0,,"We set up and assist small prayer groups for mutual support, prayer and fellowship of mothers and children.",1.0,1.0,2026-03-05T00:00:00,1061402,True,1,AR25,2024-04-06T00:00:00,1743811200000,2026-02-05T00:00:00,2026-01-30T00:00:00,26177,53758,,,,,,0.0,,0.0,,0.0,,,0.0,,0.0,0.0,0.0,0.0,0.0,0.0,,,,,,,,,,,,,,,,,,10.0,['Throughout England And Wales'],['Region'],Regional,q2
2026-02-13T00:00:00,5195410,1199297,0,Free From Fear,CIO,Registered,2022-06-14T00:00:00,,Submission Received,2023-11-01T00:00:00,2024-10-31T00:00:00,19078.0,107472.0,Free From Fear,c/o 3D,The Belmont,89 Middleton Rd,Crumpsall,Manchest,01615330722,enquiries@freefromfear.uk,freefromfear.uk,14078539,False,False,0.0,,1.0,0.0,,"Free From Fear supports people fleeing terrorism and war to take the next steps towards their new life in the UK.  Our support takes the form of advocacy, help with the completion of paperwork, link-work providing access to legal representation, securing grants through our partners and practical community-based resettlement support.",0.0,0.0,2026-03-05T00:00:00,1199297,True,1,AR24,2023-11-01T00:00:00,1730332800000,2025-08-31T00:00:00,2025-08-15T00:00:00,19078,107472,,,,,,0.0,,0.0,,0.0,,,0.0,,0.0,0.0,0.0,0.0,0.0,0.0,,,,,,,,,,,,,,,,,,1.0,['Throughout England And Wales'],['Region'],Regional,q2
2026-02-13T00:00:00,5152440,1190047,0,BEGIN WELL,CIO,Registered,2020-06-22T00:00:00,,Submission Received,2024-04-03T00:00:00,2025-04-02T00:00:00,24866.0,20435.0,West Hill House,West Hill,Wraxall,BRISTOL,,BS48 1PH,7886287339,"info@beginwell.org,uk",www.beginwell.org.uk,,False,False,0.0,,1.0,0.0,,We deliver antenatal classes to expectant parents.,0.0,0.0,2026-03-05T00:00:00,1190047,True,1,AR25,2024-04-03T00:00:00,1743552000000,2026-02-02T00:00:00,2026-01-31T00:00:00,24866,20435,,,,,,0.0,,0.0,,0.0,,,0.0,,0.0,0.0,0.0,0.0,0.0,0.0,,,,,,,,,,,,,,,,,,90.0,['Throughout England And Wales'],['Region'],Regional,q2
2026-02-13T00:00:00,5198909,1203223,0,BRITISH ASSOCIATION OF BLACK SURGEONS,CIO,Registered,2023-05-23T00:00:00,,Submission Received,2024-04-06T00:00:00,2025-04-05T00:00:00,17681.0,14159.0,BRITISH ASSOCIATION BLACK SURGEONS,RCS Edinburgh,58 Oxford Street,BIRMINGHAM,,B3 2BB,01216471560,info@babs-uk.org,www.babs-uk.org,,False,False,0.0,,1.0,0.0,,"Promoting equality, diversity and inclusion across the surgical field. The Association aims to widen participation in surgical leadership, foster long-term career development and increase representation across the profession.",0.0,0.0,2026-03-05T00:00:00,1203223,True,1,AR25,2024-04-06T00:00:00,1743811200000,2026-02-05T00:00:00,2026-02-02T00:00:00,17681,14159,,,,,,0.0,,0.0,,0.0,,,0.0,,0.0,0.0,0.0,0.0,0.0,,,,,,,,,,,,,,,,,,,16.0,['Throughout England And Wales'],['Region'],Regional,q2
2026-02-13T00:00:00,5235002,1207566,0,INOCHI,CIO,Registered,2024-03-22T00:00:00,,Submission Received,2024-03-22T00:00:00,2025-03-31T00:00:00,35253.0,35248.0,62 SHERBROOKE WAY,WORCESTER PARK,,,,KT4 8BP,07986759180,anjanish@inochi.org.uk,https://inochi.org.uk,,False,False,0.0,,1.0,0.0,,"Inochi provides grants to registered charities and organizations across the UK and India to relieve the needs of children suffering from ill health, disabilities, financial hardship, and social disadvantage. Our grants support services that improve health, alleviate economic challenges, and promote social inclusion",1.0,0.0,2026-03-05T00:00:00,1207566,True,1,AR25,2024-03-22T00:00:00,1743379200000,2026-01-31T00:00:00,2025-07-31T00:00:00,35253,35248,,,,,,0.0,,0.0,,0.0,,,0.0,,0.0,0.0,0.0,0.0,0.0,,,,,,,,,,,,,,,,,,,0.0,['Throughout England And Wales'],['Region'],Regional,q2
2026-02-13T00:00:00,4014676,1110603,0,CHAPEL OF PRAISE,Charitable company,Registered,2005-07-27T00:00:00,,Submission Received,2024-04-01T00:00:00,2025-03-31T00:00:00,20715.0,18290.0,11 Ellingham View,DARTFORD,,,,DA1 5SZ,07979192659,pastor@higherlife.tv,www.higherlife.tv,05270492,False,False,0.0,,0.0,0.0,,Our main activity as a charity is sharing the Christian gospel here in the UK and providing a place of worship for our congregation and effectively running the church.,1.0,0.0,2026-03-05T00:00:00,1110603,True,1,AR25,2024-04-01T00:00:00,1743379200000,2026-01-31T00:00:00,2026-01-07T00:00:00,20715,18290,,,,,,0.0,,0.0,,0.0,,,0.0,,0.0,0.0,0.0,0.0,0.0,,,,,,,,,,,,,,,,,,,12.0,['Throughout England And Wales'],['Region'],Regional,q2
2026-02-13T00:00:00,5242577,1209293,0,CHRIST FELLOWSHIP CENTRE,Charitable company,Registered,2024-07-25T00:00:00,,Submission Received,2024-02-01T00:00:00,2025-01-31T00:00:00,21362.0,8349.0,C/O Aacsl Accountants Ltd 1st Floor,The High,Harlow,Essex,,CM20 1YS,07387189045,Info@christfellowshipcentre.co.uk,,13136303,False,False,0.0,,0.0,0.0,,Advancing the Christian Faith in the United Kingdom: This will be done in accordance with the doctrines outlined in the Statement of Faith included in the schedule.Preventing or Relieving Poverty Across England: This involves providing essential items and services to individuals in need and directing them to relevant services to prevent or alleviate poverty.,0.0,0.0,2026-03-05T00:00:00,1209293,True,1,AR25,2024-02-01T00:00:00,1738281600000,2025-11-30T00:00:00,2025-11-19T00:00:00,21362,8349,,,,,,0.0,,0.0,,0.0,,,0.0,,0.0,0.0,0.0,0.0,0.0,,,,,,,,,,,,,,,,,,,0.0,['Throughout England And Wales'],['Region'],Regional,q2
2026-02-13T00:00:00,4025826,1126841,0,AMBASSADORS OUTREACHES,Trust,Registered,2008-11-21T00:00:00,,Submission Overdue,2023-04-01T00:00:00,2024-03-31T00:00:00,32066.0,43490.0,26 Paignton Close,ROMFORD,,,,RM3 8SF ,07469238921,AKOREDE95@HOTMAIL.COM,,,False,False,0.0,,0.0,0.0,,Christ missin church,0.0,0.0,2026-03-05T00:00:00,1126841,True,1,AR25,2024-04-01T00:00:00,1743379200000,2026-01-31T00:00:00,2026-03-02T00:00:00,34816,37648,,,,,,0.0,,0.0,,0.0,,,0.0,,0.0,0.0,0.0,0.0,0.0,,,,,,,,,,,,,,,,,,,10.0,['Throughout England'],['Region'],Regional,q2
2026-02-13T00:00:00,5189329,1196240,0,GRAVESEND SPIRITUALIST CHURCH,Other,Registered,2021-10-22T00:00:00,,Submission Overdue,2024-01-01T00:00:00,2024-12-31T00:00:00,26445.0,26424.0,GRAVESEND SPIRITUALIST CHURCH,19 CLARENCE PLACE,GRAVESEND,,,DA12 1LD,01279816363,snu@snu.org.uk,www.snu.org.uk,,False,False,0.0,,0.0,0.0,,Gravesend Spiritualist Church is a religious organisation. We provide evenings of spiritual communication through mediumship. We offer spiritual healing for the mind body and soul.,0.0,1.0,2026-03-05T00:00:00,1196240,True,1,AR24,2024-01-01T00:00:00,1735603200000,2025-10-31T00:00:00,2025-11-12T00:00:00,26445,26424,,,,,,0.0,,0.0,,0.0,,,0.0,,0.0,0.0,0.0,0.0,0.0,,,,,,,,,,,,,,,,,,,5.0,['Throughout England'],['Region'],Regional,q2
2026-02-13T00:00:00,5159451,1189919,0,WIDNES DEEN CENTRE,CIO,Registered,2020-06-12T00:00:00,,Submission Received,2024-04-01T00:00:00,2025-03-31T00:00:00,25075.0,33309.0,31-35 ALFORDE STREET,31-35 ALFORDE STREET,WIDNES,,,WA8 7TR,07764432643,suleman@greenlifepharma.co.uk,,,False,False,0.0,,1.0,0.0,,"To advance the Islamic religion in Widnes for the benefit of the public through holding of prayer meeting, lectures, producing/distributing literature on Islam to enlighten others about the Islamic religion.",0.0,1.0,2026-03-05T00:00:00,1189919,True,1,AR25,2024-04-01T00:00:00,1743379200000,2026-01-31T00:00:00,2026-01-29T00:00:00,25075,33309,,,,,,0.0,,0.0,,0.0,,,0.0,,0.0,0.0,0.0,0.0,0.0,0.0,,,,,,,,,,,,,,,,,,5.0,['Throughout England'],['Region'],Regional,q2
2026-02-13T00:00:00,3995945,1098649,0,GREENSEAS TRUST,Charitable company,Registered,2003-07-18T00:00:00,,Submission Received,2023-11-01T00:00:00,2024-10-31T00:00:00,21214.0,24815.0,30A WESTBOURNE GARDENS,LONDON,,,,W2 5PU,,info@greenseas.org,www.greenseas.org,04577517,False,False,0.0,,0.0,0.0,,"To educate, promote and implement on an individual, regional and global level, environmental programmes to eliminate plastics and marine debris entering the seas and coastal areas. We want to change the ""I can't be bothered,"" attitude by tackling the problem at source. Our goal is to ensure marine life and fish stocks are sustainable for future generations.",0.0,0.0,2026-03-05T00:00:00,1098649,True,1,AR25,2024-11-01T00:00:00,1761868800000,2026-08-31T00:00:00,2026-02-19T00:00:00,29330,22654,,,,,,0.0,,1.0,,1.0,0.0,10000.0,0.0,,0.0,0.0,0.0,0.0,0.0,0.0,,,,,,,,,,,,,,,,,,12.0,['Throughout England And Wales'],['Region'],Regional,q2
2026-02-13T00:00:00,5037009,1153977,0,LLOYD EIST FOUNDATION,CIO,Registered,2013-09-26T00:00:00,,Submission Received,2023-09-01T00:00:00,2024-08-31T00:00:00,0.0,1232.0,164 STANSTEAD ROAD,LONDON,,,,SE23 1BZ,02086991558,info@lloydeistfoundation.org,www.lloydeistfoundation.org,,False,False,0.0,,1.0,0.0,,"The objects are to help young people,so as to develop their capabilities that they may grow to full maturity as individuals and members of society.",0.0,0.0,2026-03-05T00:00:00,1153977,True,1,AR25,2024-09-01T00:00:00,1756598400000,2026-06-30T00:00:00,2026-02-16T00:00:00,21845,3609,,,,,,1.0,,0.0,,0.0,,,0.0,,0.0,0.0,0.0,0.0,0.0,,,,,,,,,,,,,,,,,,,0.0,['Throughout England And Wales'],['Region'],Regional,q2
2026-02-13T00:00:00,5112548,1176652,0,ARCOBALENO CANCER TRUST,Trust,Registered,2018-01-15T00:00:00,,Submission Received,2023-12-02T00:00:00,2024-12-01T00:00:00,36245.0,60627.0,Flat 64,Noko,3-6 Banister Road,LONDON,,W10 4AR,02084450601,info@arcobalenocancertrust.com,www.arcobalenocancertrust.com,,False,False,0.0,,0.0,0.0,,"Our aim is to support the advancement of medical research into the causes, treatments, and potential cures for all types of cancer. We plan to do so by directly funding the individuals and projects pioneering cutting edge cancer research in the UK",0.0,0.0,2026-03-05T00:00:00,1176652,True,1,AR24,2023-12-02T00:00:00,1733011200000,2025-10-01T00:00:00,2025-09-29T00:00:00,36245,60627,,,,,,1.0,,0.0,,0.0,,,0.0,,0.0,0.0,0.0,0.0,0.0,,,,,,,,,,,,,,,,,,,12.0,['Throughout England'],['Region'],Regional,q2
2026-02-13T00:00:00,1017034,1017034,0,LUCILLE GRAHAM TRUST LIMITED,Charitable company,Registered,1993-02-04T00:00:00,,Submission Received,2023-11-01T00:00:00,2024-10-31T00:00:00,35959.0,36017.0,Matthews Hanton Ltd,93 Aldwick Road,BOGNOR REGIS,West Sussex,,PO21 2NW,01243 861521,lucillegrahamtrust@outlook.com,lucillegrahamtrust.org.uk,02757857,False,False,0.0,,0.0,0.0,,"The charity makes grants to other bodies and institutions to promote, maintain and advance education, particularly musical education, and to encourage the arts of music, drama, dancing and singing. Grants have included contributions towards the cost of a children's concert, the adjudication costs of competitive music classes for amateur singers and music education classes for the general public.",0.0,0.0,2026-03-05T00:00:00,1017034,True,1,AR24,2023-11-01T00:00:00,1730332800000,2025-08-31T00:00:00,2025-07-24T00:00:00,35959,36017,,,,,,1.0,,0.0,,0.0,,,0.0,,0.0,0.0,0.0,0.0,0.0,,,,,,,,,,,,,,,,,,,0.0,['Throughout London'],['Region'],Regional,q2
2026-02-13T00:00:00,4035281,1121597,0,HARAMBEE FOR KENYA,Other,Registered,2007-11-14T00:00:00,,Submission Received,2024-02-01T00:00:00,2025-01-31T00:00:00,43098.0,47218.0,21 CUCKMERE RISE,HEATHFIELD,,,,TN21 8PG,01435865502,h4kchairman@gmail.com,www.harambeeforkenya.org,,False,False,0.0,,0.0,0.0,,"This is a charity that assists street children in Kenya by giving them either a safe house in which to live or in Foster Care (whichever is appropriate). It also ensures they are fed, cared for mediacally and receive an education to help them become valued members of society. The charity works closely with local people who are respected and have a heart for these deprived children",1.0,0.0,2026-03-05T00:00:00,1121597,True,1,AR25,2024-02-01T00:00:00,1738281600000,2025-11-30T00:00:00,2025-10-29T00:00:00,43098,47218,,,,,,0.0,,0.0,,0.0,,,0.0,,0.0,0.0,0.0,0.0,0.0,,,,,,,,,,,,,,,,,,,6.0,['Kenya'],['Country'],International,q3
2026-02-13T00:00:00,4051636,1139906,0,THE INSTITUTION OF POWER ENGINEERS,Charitable company,Registered,2011-01-19T00:00:00,,Submission Received,2024-07-01T00:00:00,2025-06-30T00:00:00,85704.0,93618.0,IPOWERE,BEDFORD HEIGHTS,MANTON LANE,BEDFORD,,MK41 7PH,01234214340,enquiries@ipowere.org,www.ipowere.org,07244044,False,False,0.0,,0.0,0.0,,"To advance the knowledge of all methods and technologies for the production of power for electricity generation, mechanical drive, energy storage and other uses, including their design, development, application, manufacture, installation, commissioning, operation and maintenance, and promotion of the exchange of information and ideas on these subjects amongst members of the Charity and others.",0.0,0.0,2026-03-05T00:00:00,1139906,True,1,AR25,2024-07-01T00:00:00,1751241600000,2026-04-30T00:00:00,2026-01-22T00:00:00,85704,93618,,,,,,0.0,,0.0,,0.0,,,0.0,,0.0,0.0,0.0,0.0,0.0,0.0,,,,,,,,,,,,,,,,,,15.0,"['Throughout England And Wales', 'Canada', 'Tunisia', 'India']","['Region', 'Country']",International,q3
2026-02-13T00:00:00,5015128,1140688,0,LIFE CENTRAL,Charitable company,Registered,2011-03-03T00:00:00,,Submission Received,2024-04-01T00:00:00,2025-03-31T00:00:00,44136.0,58425.0,Perry House,Blackmoor,West Buckland,WELLINGTON,Somerset,TA21 9LH,03003653630,CONNECT@LIFECENTRAL.ORG.UK,www.lifecentral.org.uk,07463785,False,False,0.0,,0.0,0.0,,"We aim to inspire positive change in the community through events, activities and personal support of all ages. As a Christian faith based organisation we create opportunities for building esteem, social and interpersonal skills and sharing love & hope with all ages. We are inclusive regardless of background, sexuality, faith, age or ability, helping everyone find the way to live life to the full.",1.0,1.0,2026-03-05T00:00:00,1140688,True,1,AR25,2024-04-01T00:00:00,1743379200000,2026-01-31T00:00:00,2026-01-20T00:00:00,44136,58425,,,,,,0.0,,0.0,,0.0,,,0.0,,0.0,0.0,0.0,0.0,0.0,0.0,,,,,,,,,,,,,,,,,,30.0,"['Somerset', 'India']","['Local Authority', 'Country']",International,q3
2026-02-13T00:00:00,4008295,1104612,0,STEPPING STONES MINISTRIES UK,Other,Registered,2004-06-29T00:00:00,,Submission Received,2024-04-06T00:00:00,2025-04-05T00:00:00,58996.0,61511.0,26 MOOR LANE,NEWBY,SCARBOROUGH,,,YO12 5SH,01723374540,tpshby@hotmail.com,www.steppingstonesuk.org,,False,False,0.0,,0.0,0.0,,"Raising funds for sister charity Stepping Stones India, based in Ranaghat, India, West Bengal, for the relief of poverty.  We do not fund other charities or NGO's.",1.0,0.0,2026-03-05T00:00:00,1104612,True,1,AR25,2024-04-06T00:00:00,1743811200000,2026-02-05T00:00:00,2025-08-26T00:00:00,58996,61511,,,,,,0.0,,0.0,,0.0,,,0.0,,1.0,0.0,0.0,1.0,0.0,0.0,,,,,,,,,,,,,,,,,,0.0,"['North Yorkshire', 'India']","['Local Authority', 'Country']",International,q3
2026-02-13T00:00:00,1050248,1050248,0,DISCOVER CHURCH,Other,Registered,1995-10-30T00:00:00,,Submission Received,2024-01-01T00:00:00,2024-12-31T00:00:00,89129.0,84562.0,25 Linden Road,West Parley,FERNDOWN,Dorset,,BH22 8RR,01202576709,wccbh1@hotmail.com,www.discoverchurchbournemouth.co.uk,,False,False,0.0,,0.0,0.0,,RELIGIOUS ACTIVITIES,1.0,0.0,2026-03-05T00:00:00,1050248,True,1,AR24,2024-01-01T00:00:00,1735603200000,2025-10-31T00:00:00,2025-07-23T00:00:00,89129,84562,,,,,,0.0,,0.0,,0.0,,,0.0,,0.0,0.0,0.0,0.0,0.0,0.0,,,,,,,,,,,,,,,,,,5.0,"['Dorset', 'Hampshire', 'Wiltshire', 'Bournemouth', 'Colombia', 'India', 'Jamaica', 'Romania', 'Thailand']","['Local Authority', 'Country']",International,q3
2026-02-13T00:00:00,5139108,1184440,0,DOOR OF HOPE,CIO,Registered,2019-07-16T00:00:00,,Submission Received,2024-07-01T00:00:00,2025-06-30T00:00:00,62117.0,71094.0,Door of Hope,Link House,Ferring Street,Ferring,West Sussex,BN12 5JP,01903529333,info@doorofhope.co.uk,www.doorofhope.co.uk,,False,False,0.0,,1.0,0.0,,"1. THE RELIEF OF THOSE IN NEED, BY REASON OF YOUTH, AGE, ILL-HEALTH, DISABILITY, FINANCIAL HARDSHIP OR OTHER DISADVANTAGE IN SUCH PARTS OF EASTERN EUROPE OR THE WORLD AND IN SUCH WAYS AS THE TRUSTEES MAY FROM TIME TO TIME THINK FIT2. TO ADVANCE EDUCATION BY SUCH MEANS AS THE TRUSTEES MAY CONSIDER APPROPRIATE IN SUCH PARTS OF EASTERN EUROPE OR THE WORLD",0.0,0.0,2026-03-05T00:00:00,1184440,True,1,AR25,2024-07-01T00:00:00,1751241600000,2026-04-30T00:00:00,2025-07-21T00:00:00,62117,71094,,,,,,0.0,,0.0,,0.0,,,0.0,,0.0,0.0,0.0,0.0,0.0,0.0,,,,,,,,,,,,,,,,,,3.0,"['Bulgaria', 'Ukraine']",['Country'],International,q3
2026-02-13T00:00:00,1046461,1046461,0,THEATRE SANS FRONTIERES LIMITED,Charitable company,Registered,1995-05-16T00:00:00,,Submission Received,2024-04-01T00:00:00,2025-03-31T00:00:00,74066.0,76989.0,2a,Tanners Yard,HEXHAM,,,NE46 3NL,01434603114,admin@tsf.org.uk,www.tsf.org.uk,02578163,False,False,0.0,,0.0,0.0,,National and international touring theatre company,1.0,0.0,2026-03-05T00:00:00,1046461,True,1,AR25,2024-04-01T00:00:00,1743379200000,2026-01-31T00:00:00,2026-01-07T00:00:00,74066,76989,,,,,,0.0,,0.0,,4.0,,21112.0,0.0,,0.0,0.0,0.0,0.0,0.0,0.0,,,,,,,,,,,,,,,,,,14.0,"['Throughout England', 'Netherlands']","['Region', 'Country']",International,q3
2026-02-13T00:00:00,5030663,1150024,0,ASSOCIATION OF AFGHAN HEALTHCARE PROFESSIONALS-UK,Other,Registered,2012-12-04T00:00:00,,Submission Received,2024-03-25T00:00:00,2025-03-24T00:00:00,38319.0,44663.0,85 Great Portland Street,First Floor,Assoc of Afghan Healthcare Prof,,London,W1W 7LT,02081381199,aahp.uk@gmail.com,http://aahpuk.org,,False,False,0.0,,0.0,0.0,,Assisstance with teaching and training of healthcare professionals in the UK Healthcare awareness programmes in the UKCareer advice in the UKProvision of First Aid to Afghan cultural events in LondonHelp with Hepatitis B programme in Afghanistan.Provision of clean drinking water in smaller scale in Afghanistan.Emergency response to natural disaster victims in Afghanistan.,1.0,0.0,2026-03-05T00:00:00,1150024,True,1,AR25,2024-03-25T00:00:00,1742774400000,2026-01-24T00:00:00,2026-01-22T00:00:00,38319,44663,,,,,,0.0,,0.0,,0.0,,,0.0,,0.0,0.0,0.0,0.0,0.0,0.0,,,,,,,,,,,,,,,,,,10.0,"['Throughout England And Wales', 'Afghanistan', 'Scotland']","['Region', 'Country']",International,q3
2026-02-13T00:00:00,4048555,1133706,0,THE MEDUSA TRUST,CIO,Registered,2010-01-25T00:00:00,,Submission Received,2023-12-01T00:00:00,2024-11-30T00:00:00,53554.0,22064.0,HOLT HOUSE,SEALE ROAD,ELSTEAD,GODALMING,,GU8 6LF,01252703241,alan@trinitystar.co.uk,www.hmsmedusa.org.uk,,False,False,0.0,,1.0,0.0,,"The objects of the Medusa Trust are to advance the education of thr public by the provision of facilities to maintain, promote, restore. conserve, improve and develop historic vessels for the public benefit.  To this end the trust has acquired the former HMS Medusa and carried out a major restoration programme to return her to seagoing condition, configured largely as she was at D Day.",1.0,0.0,2026-03-05T00:00:00,1133706,True,1,AR24,2023-12-01T00:00:00,1732924800000,2025-09-30T00:00:00,2025-03-29T00:00:00,53554,22064,,,,,,0.0,,0.0,,0.0,,,0.0,,0.0,0.0,0.0,0.0,0.0,,,,,,,,,,,,,,,,,,,35.0,"['Dorset', 'Hampshire', 'Isle Of Wight', 'West Sussex', 'Southampton City', 'Portsmouth City', 'France']","['Local Authority', 'Country']",International,q3
2026-02-13T00:00:00,4015305,1109103,0,MISSIONARY SISTERS OF ST COLUMBAN CHARITABLE TRUST,Trust,Registered,2005-04-18T00:00:00,,Submission Received,2024-01-01T00:00:00,2024-12-31T00:00:00,94757.0,126573.0,6/8 Ridgdale Street,LONDON,,,,E3 2TW,02089836366,,www.columbansisters.org,,False,False,0.0,,0.0,0.0,,to advance the religious and other charitable work carried on by the members of the Congregation and to care for those members thoughout their lives with the Congregation.,1.0,1.0,2026-03-05T00:00:00,1109103,True,1,AR24,2024-01-01T00:00:00,1735603200000,2025-10-31T00:00:00,2025-08-29T00:00:00,94757,126573,,,,,,0.0,,0.0,,0.0,,,0.0,,0.0,0.0,0.0,0.0,0.0,,,,,,,,,,,,,,,,,,,0.0,"['City Of London', 'City Of Westminster', 'Hackney', 'Tower Hamlets', 'Burma', 'Pakistan', 'Peru', 'Philippines']","['Local Authority', 'Country']",International,q3
2026-02-13T00:00:00,5220838,1204511,0,FÉDÉRATION INTERNATIONALE DE POWERCHAIR FOOTBALL ASSOCIATION CIO,CIO,Registered,2023-08-29T00:00:00,,Submission Received,2023-08-29T00:00:00,2024-12-31T00:00:00,61394.0,42335.0,C/o Nottinghamshire FA,Unit 6 B Chetwynd Business Park,Chilwell,Beeston,NOTTINGHAM,NG9 6RZ,0115 9837400,contact@fipfa.org,https://fipfa.org/,,False,False,0.0,,1.0,0.0,,FIPFA focuses on providing sport opportunities for persons with high level physical impairments in the UK and across the World. We operate a competition programme and host international events to provide recreational and elite sport opportunities for physically impaired athletes. Through education and training we provide support to new nations to develop best practise and effective governance.,1.0,0.0,2026-03-05T00:00:00,1204511,True,1,AR24,2023-08-29T00:00:00,1735603200000,2025-10-31T00:00:00,2025-10-27T00:00:00,61394,42335,,,,,,0.0,,0.0,,0.0,,,0.0,,0.0,0.0,0.0,0.0,0.0,,,,,,,,,,,,,,,,,,,30.0,"['Throughout England And Wales', 'Australia', 'Austria', 'Belgium', 'Brazil', 'Canada', 'Denmark', 'Finland', 'France', 'Germany', 'India', 'Italy', 'Japan', 'Mexico', 'New Zealand', 'Northern Ireland', 'Ireland', 'Scotland', 'Spain', 'Uruguay', 'United States', 'Argentina', 'Netherlands', 'Portugal', 'South Korea', 'Norway', 'Israel', 'Russia']","['Region', 'Country']",International,q3
2026-02-13T00:00:00,4002174,1099609,0,Feeding Dreams (UK),Other,Registered,2003-09-23T00:00:00,,Submission Received,2023-10-01T00:00:00,2024-09-30T00:00:00,60345.0,59724.0,22 VICTORIA ROAD,BINGHAM,NOTTINGHAM,,,NG13 8EG,07926099528,info@feedingdreamsuk.org,www.feedingdreamsuk.org,,False,False,0.0,,0.0,0.0,,"FEEDING DREAMS (UK)  (FD (UK)) AIMS TO IMPROVE ACCESS TO AND QUALITY OF EDUCATION IN CAMBODIA.  FD (UK) BELIEVES THAT EVERY CHILD HAS THE RIGHT TO A FREE AND GOOD-QUALITY EDUCATION. EDUCATION HELPS CHILDREN DEVELOP THE SKILLS THEY NEED TO MAKE POSITIVE CHANGES IN THEIR LIVES, AND FINALLY BREAK FREE FROM POVERTY. WE SUPPORT FEEDING DREAMS CAMBODIA  WHO HAS CLOSE LINKS WITH THEIR COMMUNITIES.",1.0,0.0,2026-03-05T00:00:00,1099609,True,1,AR24,2023-10-01T00:00:00,1727654400000,2025-07-30T00:00:00,2025-01-14T00:00:00,60345,59724,,,,,,0.0,,0.0,,0.0,,,0.0,,0.0,0.0,0.0,0.0,0.0,,,,,,,,,,,,,,,,,,,11.0,['Cambodia'],['Country'],International,q3
2026-02-13T00:00:00,5166230,1193174,0,SPRING OF HOPE UK LIMITED,Charitable company,Registered,2021-01-21T00:00:00,,Submission Received,2023-06-01T00:00:00,2024-05-31T00:00:00,90266.0,90636.0,1 LOWNORTH ROAD,MANCHESTER,,,,M22 0JY,07926846358,office@thespringofhope.org,https://www.thespringofhope.org/,12002455,False,False,0.0,,0.0,0.0,,We provide a place of worship and run church services that are open to all to learn more of the Christian faith. As part of this work we provide pastoral care to those within the church. We also support other Christian projects at home and overseas. Particularly we support projects in India carried out by partner organisations to help alleviate poverty.,1.0,0.0,2026-03-05T00:00:00,1193174,True,1,AR24,2023-06-01T00:00:00,1717113600000,2025-03-31T00:00:00,2025-03-09T00:00:00,90266,90636,,,,,,1.0,,0.0,,0.0,,,0.0,,0.0,0.0,0.0,0.0,0.0,,,,,,,,,,,,,,,,,,,2.0,"['Throughout England And Wales', 'India']","['Region', 'Country']",International,q3
2026-02-13T00:00:00,4044588,1131446,0,ASECONDCHANCE LTD,Charitable company,Registered,2009-09-01T00:00:00,,Submission Received,2024-04-01T00:00:00,2025-03-31T00:00:00,72440.0,74546.0,Unit 1sa Southgate House,88 Town Square,Basildon,Essex,,SS14 1BN,01268280180,admin@asc-uk.org,www.asc-uk.org,06794506,False,False,0.0,,0.0,0.0,,"To improve the quality of life for marginalised or deprived women, children and their families in UK and  Africa through:1. Maternal and child Health. 2. Quality education, life skills and safe environments for marginalised children3. Prevention of violence against women and girls4. Economic development and sustainable livelihoods of young women particularly teenage mothers",0.0,0.0,2026-03-05T00:00:00,1131446,True,1,AR25,2024-04-01T00:00:00,1743379200000,2026-01-31T00:00:00,2026-01-07T00:00:00,72440,74546,,,,,,1.0,,0.0,,0.0,,,0.0,,0.0,0.0,0.0,0.0,0.0,,,,,,,,,,,,,,,,,,,2.0,"['Essex', 'Kenya', 'Tanzania', 'Uganda']","['Local Authority', 'Country']",International,q3
2026-02-13T00:00:00,4018228,1111164,0,THE UNIVERSITY OF CANTERBURY NZ TRUST,Charitable company,Registered,2005-09-02T00:00:00,,Submission Received,2024-04-01T00:00:00,2025-03-31T00:00:00,67725.0,13.0,23 Southway,BURGESS HILL,,,,RH15 9SY,07545 616722,info@aslconsultancy.co.uk,,05382333,False,False,0.0,,0.0,0.0,,"The advancement of education primarily at the University of Canterbury in New Zealand and by the provision of funds towards bursaries, scholarships, research grants, building projects, endowing academic posts and such other income or capital expenses that the Trustees shall determine.",1.0,0.0,2026-03-05T00:00:00,1111164,True,1,AR25,2024-04-01T00:00:00,1743379200000,2026-01-31T00:00:00,2026-01-12T00:00:00,67725,13,,,,,,1.0,,0.0,,0.0,,,0.0,,0.0,0.0,0.0,0.0,0.0,,,,,,,,,,,,,,,,,,,0.0,['New Zealand'],['Country'],International,q3
2026-02-13T00:00:00,5035761,1152168,0,ALIVE AND KICKING THEATRE COMPANY LTD,Charitable company,Registered,2013-05-23T00:00:00,,Submission Received,2024-09-01T00:00:00,2025-08-31T00:00:00,53337.0,57357.0,3 LADYWOOD ROAD,LEEDS,,,,LS8 2QF,01132958190,aliveandkicking@ntlworld.com,www.aliveandkickingtheatrecompany.co.uk,06121325,False,False,0.0,,0.0,0.0,,"The purposes and aims of the charity are to advance education for the public benefit by promotion of the arts, in particular, the art of drama.",0.0,0.0,2026-03-05T00:00:00,1152168,True,1,AR25,2024-09-01T00:00:00,1756598400000,2026-06-30T00:00:00,2026-02-12T00:00:00,53337,57357,,,,,,0.0,,0.0,,0.0,,,0.0,,0.0,0.0,0.0,0.0,0.0,0.0,,,,,,,,,,,,,,,,,,2.0,"['Bradford City', 'Kirklees', 'Leeds City', 'City Of Wakefield', 'North Yorkshire', 'East Riding Of Yorkshire', 'City Of York']",['Local Authority'],Local,q3
2026-02-13T00:00:00,5171961,1192675,0,PATELEY BRIDGE AND BEWERLEY MEMORIAL HALL CIO,CIO,Registered,2020-12-07T00:00:00,,Submission Received,2024-04-01T00:00:00,2025-03-31T00:00:00,54755.0,63361.0,PATELEY BRID&BEWERLEY MEMORIAL HALL,PARK ROAD,PATELEY BRIDGE,HARROGATE,,NORTH YO,01423712691,info@thememorialhall.org.uk,www.thememorialhall.org.uk,,False,False,0.0,,1.0,0.0,,Provision of a village hall for the use and benefit of the inhabitants of High and Low Bishopside and Bewerley and its immediate vicinity.,0.0,1.0,2026-03-05T00:00:00,1192675,True,1,AR25,2024-04-01T00:00:00,1743379200000,2026-01-31T00:00:00,2026-01-29T00:00:00,54755,63361,,,,,,0.0,,0.0,,3.0,,20743.0,0.0,,0.0,0.0,0.0,0.0,0.0,0.0,,,,,,,,,,,,,,,,,,12.0,['North Yorkshire'],['Local Authority'],Local,q3
2026-02-13T00:00:00,303491,303491,0,19th Hendon (3rd Mill Hill) Scout Group,Trust,Registered,1962-10-03T00:00:00,,Submission Overdue,2023-07-01T00:00:00,2024-03-31T00:00:00,39994.0,34569.0,The Quest Centre,Scout Way,,,,NW7 3JW,02072627744,19hendonscouts@mail.com,,,False,False,0.0,,0.0,0.0,,"19th Hendon (3rd Mill Hill) Scout Group is based in Mill Hill, NW7 and consists of Squirrel, Beaver, Cub, Scout and Explorer Sections. Membership across the sections is about 130. The group activities are fully in compliance with the Policy, Organisation and Rules of the Scout Association.",1.0,1.0,2026-03-05T00:00:00,303491,True,1,AR24,2023-07-01T00:00:00,1711843200000,2025-01-31T00:00:00,2026-01-30T00:00:00,39994,34569,,,,,,0.0,,0.0,,0.0,,,0.0,,0.0,0.0,0.0,0.0,0.0,,,,,,,,,,,,,,,,,,,3.0,['Barnet'],['Local Authority'],Local,q3
2026-02-13T00:00:00,5031151,1149317,0,THE MADANI ACADEMY PORTSMOUTH LTD,Charitable company,Registered,2012-10-15T00:00:00,,Submission Received,2024-02-01T00:00:00,2025-01-31T00:00:00,96194.0,91344.0,161 ELM GROVE,SOUTHSEA,HAMPSHIRE,,,PO5 1LU,07909117963,info@madani-academy.org,http://madani-academy.org,07923158,False,False,0.0,,0.0,0.0,,Activities include weekend Bengali Culture and Language Schooling; Arabic Language Schooling; Health and Fitness Support; and Hifz classes.Our community hall and rooms provide a valuable educational and recreational resource to all in our local community. A wide variety of activities are organised and take place from our community centre.,0.0,1.0,2026-03-05T00:00:00,1149317,True,1,AR25,2024-02-01T00:00:00,1738281600000,2025-11-30T00:00:00,2025-11-27T00:00:00,96194,91344,,,,,,0.0,,0.0,,0.0,,,0.0,,0.0,0.0,0.0,0.0,0.0,0.0,,,,,,,,,,,,,,,,,,10.0,['Portsmouth City'],['Local Authority'],Local,q3
2026-02-13T00:00:00,5078448,1169732,0,WALTON AND WEYBRIDGE AMATEUR OPERATIC SOCIETY,Other,Registered,2016-10-18T00:00:00,,Submission Received,2024-01-01T00:00:00,2024-12-31T00:00:00,47431.0,44934.0,11 Acacia Drive,Woodham,ADDLESTONE,Surrey,,KT15 3SH,07775730325,info@wwaos.org.uk,www.wwaos.org.uk,,False,False,0.0,,0.0,0.0,,"The activities & objects of the Society are to educate the public in the Dramatic and Operatic Arts, and to further the development pf public appreciation and taste in them, by means of producing and staging musical theatre plays and events, by organising and running training courses to improve the ability and knowledge of its members and the public in the technical skills involved.",1.0,0.0,2026-03-05T00:00:00,1169732,True,1,AR24,2024-01-01T00:00:00,1735603200000,2025-10-31T00:00:00,2025-10-29T00:00:00,47431,44934,,,,,,0.0,,0.0,,0.0,,,0.0,,0.0,0.0,0.0,0.0,0.0,,,,,,,,,,,,,,,,,,,83.0,['Surrey'],['Local Authority'],Local,q3
2026-02-13T00:00:00,5042159,1157319,0,THE PAROCHIAL CHURCH COUNCIL OF THE ECCLESIASTICAL PARISH OF UPPER COQUETDALE,Previously excepted,Registered,2014-06-04T00:00:00,,Submission Received,2024-01-01T00:00:00,2024-12-31T00:00:00,94430.0,80615.0,The Pele Tower,Whitton,MORPETH,Northumberland,,NE65 7RL,07884 258625,toni_smith@talktalk.net,https://www.achurchnearyou.com/church/8034/more-information/,,False,False,1.0,,0.0,0.0,,"Church of England parish of 180 square miles,consisting of six churches in remote rural north Northumberland.",1.0,0.0,2026-03-05T00:00:00,1157319,True,1,AR24,2024-01-01T00:00:00,1735603200000,2025-10-31T00:00:00,2025-05-01T00:00:00,94430,80615,,,,,,0.0,,0.0,,0.0,,,0.0,,0.0,0.0,0.0,0.0,0.0,,,,,,,,,,,,,,,,,,,148.0,['Northumberland'],['Local Authority'],Local,q3
2026-02-13T00:00:00,1000313,1000313,0,MARINE AND WILDLIFE RESCUE,Trust,Registered,1990-09-12T00:00:00,,Submission Received,2024-01-01T00:00:00,2024-12-31T00:00:00,53297.0,58688.0,149 BRASENOSE AVENUE,GORLESTON,GREAT YARMOUTH,,,NR31 7EE,01692650338,info@marineandwildliferescue.org.uk,www.marineandwildliferescue.org.uk,,False,False,0.0,,0.0,0.0,,"Rescue, rehabilitation, release of seal seabirds and wildlife along the Norfolk coast line. Education and conservation.",0.0,1.0,2026-03-05T00:00:00,1000313,True,1,AR24,2024-01-01T00:00:00,1735603200000,2025-10-31T00:00:00,2025-10-29T00:00:00,53297,58688,,,,,,0.0,,0.0,,0.0,,,0.0,,0.0,0.0,0.0,0.0,0.0,,,,,,,,,,,,,,,,,,,3.0,"['Norfolk', 'Suffolk']",['Local Authority'],Local,q3
2026-02-13T00:00:00,301409,301409,0,TAKELEY VILLAGE HALL,Other,Registered,1963-05-07T00:00:00,,Submission Received,2024-04-01T00:00:00,2025-03-31T00:00:00,59022.0,64541.0,Brattens,Warish Hall Road,Takeley,Bishop's Stortford,,CM22 6NY,07768011253,bookings@takeleyvillagehall.co.uk,,,False,False,0.0,,0.0,0.0,,"General public, sports, recreation, Young people, Village hall available for hire to all. ie individuals & groups.",0.0,1.0,2026-03-05T00:00:00,301409,True,1,AR25,2024-04-01T00:00:00,1743379200000,2026-01-31T00:00:00,2025-10-24T00:00:00,59022,64541,,,,,,0.0,,0.0,,0.0,,,0.0,,1.0,0.0,1.0,0.0,0.0,0.0,,,,,,,,,,,,,,,,,,30.0,['Essex'],['Local Authority'],Local,q3
2026-02-13T00:00:00,212270,212270,0,BRIGHTON AND HOVE ALMSHOUSE CHARITY,Other,Registered,1973-09-18T00:00:00,,Submission Overdue,2023-01-01T00:00:00,2023-12-31T00:00:00,96393.0,104289.0,c/o Coole Bevis LLP,15 Prince Albert Street,Brighton,,,BN1 1HY,01273323231,info@coolebevisllp.com,,,False,False,0.0,,0.0,0.0,,"The Charity's principal objective is to provide accomodation within the almshouse for poor people of good character residing in the former County Borough of Brighton and Borough of Hove, now a Unitary Authority known as Brighton & Hove City Council.",0.0,1.0,2026-03-05T00:00:00,212270,True,1,AR23,2023-01-01T00:00:00,1703980800000,2024-10-31T00:00:00,2025-09-23T00:00:00,96393,104289,,,,,,0.0,,0.0,,0.0,,,0.0,,0.0,0.0,0.0,0.0,0.0,,,,,,,,,,,,,,,,,,,0.0,"['East Sussex', 'Brighton And Hove']",['Local Authority'],Local,q3
2026-02-13T00:00:00,5106250,1175623,0,BEFRIENDED,CIO,Registered,2017-11-08T00:00:00,,Submission Received,2023-10-01T00:00:00,2024-09-30T00:00:00,87821.0,82596.0,9 Maude Singer Way,Hurstpierpoint,HASSOCKS,,,BN6 9GF,0300 7727703,gail@befriended.org,www.befriended.org,,False,False,0.0,,1.0,0.0,,"Befriended provides a  range of services aimed at combating loneliness and isolation amongst older people living in Mid Sussex.  These include face to face befriending, telephone befriending, befriended buddies, bereavement support, chaplaincy, exercise classes, social activities and events.",1.0,0.0,2026-03-05T00:00:00,1175623,True,1,AR24,2023-10-01T00:00:00,1727654400000,2025-07-30T00:00:00,2025-05-28T00:00:00,87821,82596,,,,,,0.0,,0.0,,1.0,,250.0,0.0,,1.0,0.0,0.0,1.0,0.0,0.0,,,,,,,,,,,,,,,,,,100.0,"['East Sussex', 'West Sussex']",['Local Authority'],Local,q3
2026-02-13T00:00:00,5029702,1148396,0,CHILDWALL HEBREW CONGREGATION,Charitable company,Registered,2012-08-01T00:00:00,,Submission Received Late,2023-09-01T00:00:00,2024-08-31T00:00:00,61615.0,102945.0,CHILDWALL HEBREW CONGREGATION,SYNAGOGUE CHAMBERS,DUNBABIN ROAD,LIVERPOOL,,L15 6XL,01517222079,admin@childwallshul.co.uk,,08120140,False,False,0.0,,0.0,0.0,,The advancement and promotion of The Jewish Religion for the benefit of the public;The advancementof public education including education in the Orthordox Jewish Faith and the provision of recreational facilities;The relief of financial hardship by the provision of financial assistance to persons of the Jewish Faith who are in need toenable them to observe and perform the rites and practices,1.0,0.0,2026-03-05T00:00:00,1148396,True,1,AR24,2023-09-01T00:00:00,1725062400000,2025-06-30T00:00:00,2026-02-03T00:00:00,61615,102945,,,,,,0.0,,0.0,,0.0,,,0.0,,0.0,0.0,0.0,0.0,0.0,0.0,,,,,,,,,,,,,,,,,,10.0,['Liverpool City'],['Local Authority'],Local,q3
2026-02-13T00:00:00,5013031,1138399,0,MACKWORTH ESTATE COMMUNITY ASSOCIATION LIMITED,Charitable company,Registered,2010-10-13T00:00:00,,Submission Received,2024-04-01T00:00:00,2025-03-31T00:00:00,77378.0,85809.0,Mackworth Estate Community Hall,St,Francis Church,Prince Charles Avenue,Mackworth Estate,Derby,07852527183,info@mackworthestate.co.uk,www.mackworthestate.co.uk,06802004,False,False,0.0,,0.0,0.0,,"The charity has supported up 24 football teams playing under the Mackworth St Francis banner with kit, trophies etc.  Planning and architech fees towards the renovation of the community hall within Mackworth.  Several evants have been organised during the year including a summer fete.The renovation of the church hall is in abeyance awaiting further funding.",0.0,1.0,2026-03-05T00:00:00,1138399,True,1,AR25,2024-04-01T00:00:00,1743379200000,2026-01-31T00:00:00,2026-01-14T00:00:00,77378,85809,,,,,,0.0,,0.0,,0.0,,,0.0,,0.0,0.0,0.0,0.0,0.0,0.0,,,,,,,,,,,,,,,,,,20.0,['Derby City'],['Local Authority'],Local,q3
2026-02-13T00:00:00,237243,237243,0,OLD BURIAL GROUND ESTATE,Other,Registered,1965-05-05T00:00:00,,Submission Received,2024-01-01T00:00:00,2024-12-31T00:00:00,76561.0,25994.0,Kingston Quaker Centre,Fairfield East,Kingston upon Thames,,,KT1 2PT,07792298852,lizwoods143@icloud.com,,,False,False,0.0,,0.0,0.0,,Grants for the upkeep of Kingston Quaker Meeting House plus other Meeting Houses in Kingston & Wandsworth Area Meeting and South London Area Meeting.,0.0,0.0,2026-03-05T00:00:00,237243,True,1,AR24,2024-01-01T00:00:00,1735603200000,2025-10-31T00:00:00,2025-03-28T00:00:00,76561,25994,,,,,,1.0,,0.0,,0.0,,,0.0,,0.0,0.0,0.0,0.0,0.0,0.0,,,,,,,,,,,,,,,,,,0.0,"['Kingston Upon Thames', 'Surrey', 'Croydon', 'Lambeth', 'Sutton', 'Wandsworth']",['Local Authority'],Local,q3
2026-02-13T00:00:00,283758,283758,0,WINDSOR LIONS CLUB CHARITY TRUST FUND,Other,Registered,1983-02-11T00:00:00,,Submission Received,2023-07-01T00:00:00,2024-06-30T00:00:00,51088.0,60152.0,4 The Cloisters,Bridgeman Drive,WINDSOR,,,SL4 3ST ,01753869893,,www.windsorlions.co.uk,,False,False,0.0,,0.0,0.0,,"The Club is affiliated to Lions Clubs International, a global organisation of volunteers dedicated to the highest standards of community and humanitarian service. Windsor Lions Club exists for fellowship and to help those in need in the local community through both fundraising and direct involvement.",1.0,0.0,2026-03-05T00:00:00,283758,True,1,AR24,2023-07-01T00:00:00,1719705600000,2025-04-30T00:00:00,2025-02-21T00:00:00,51088,60152,,,,,,1.0,,0.0,,0.0,,,0.0,,0.0,0.0,0.0,0.0,0.0,,,,,,,,,,,,,,,,,,,30.0,['Windsor And Maidenhead'],['Local Authority'],Local,q3
2026-02-13T00:00:00,4023311,1113860,0,THE HELEN FOUNDATION,Other,Registered,2006-04-24T00:00:00,,Submission Received,2024-01-01T00:00:00,2024-12-31T00:00:00,50605.0,27134.0,3 BROADLANDS,SHALDON,TEIGNMOUTH,,,TQ14 0EH,01626871076,contact@thehelenfoundation.org.uk,www.thehelenfoundation.org.uk,,False,False,0.0,,0.0,0.0,,"The Helen Foundation was launched in January 2006 and is an arts-based charity which supports and motivates young people in all branches of the arts in Teignbridge, South Devon. The Helen Foundation provides prizes in schools, free arts-based workshops and bursaries.",1.0,0.0,2026-03-05T00:00:00,1113860,True,1,AR24,2024-01-01T00:00:00,1735603200000,2025-10-31T00:00:00,2025-10-18T00:00:00,50605,27134,,,,,,1.0,,0.0,,0.0,,,0.0,,0.0,0.0,0.0,0.0,0.0,,,,,,,,,,,,,,,,,,,1.0,['Devon'],['Local Authority'],Local,q3
2026-02-13T00:00:00,5229545,1206228,0,WE ARE LISTENING,CIO,Registered,2023-12-15T00:00:00,,Submission Received,2025-01-01T00:00:00,2025-12-31T00:00:00,51800.0,52650.0,6 Dunedin Drive,Shrewsbury,,,,SY3 9BH,07836532222,terry.p.williams@btinternet.com,www.wearelistening.online,,False,False,0.0,,1.0,0.0,,A  befriending service through weekly telephone or letter contact,,0.0,2026-03-05T00:00:00,1206228,True,1,AR25,2025-01-01T00:00:00,1767139200000,2026-10-31T00:00:00,2026-01-23T00:00:00,51800,52650,,,,,,0.0,,0.0,,0.0,,,0.0,,0.0,0.0,0.0,0.0,0.0,0.0,,,,,,,,,,,,,,,,,,90.0,"['Throughout England And Wales', 'Scotland']","['Region', 'Country']",National,q3
2026-02-13T00:00:00,313688,313688,0,"SUPPORT AND TRAINING IN PREP, PRIMARY AND SENIOR SCHOOLS LIMITED",Charitable company,Registered,1968-01-18T00:00:00,,Submission Received,2023-09-01T00:00:00,2024-08-31T00:00:00,95829.0,96697.0,7 Lakeside,Overstone Park,Overstone,Northampton,,NN6 0QS,01604 249259,gensec@satips.org,www.satips.org,00890301,False,False,0.0,,0.0,0.0,,"SATIPS provides professional, cost-effective support to ALL teachers of children in Key Stages 1, 2 and 3; we run courses and provide termly Subject Broadsheets in all areas of the curriculum.  We make occasional one-off grants to approved projects offering support to schools developing education ""beyond the classroom"", especially in the areas of music, art, sustainable development.",0.0,0.0,2026-03-05T00:00:00,313688,True,1,AR24,2023-09-01T00:00:00,1725062400000,2025-06-30T00:00:00,2025-05-22T00:00:00,95829,96697,,,,,,0.0,,0.0,,0.0,,,0.0,,1.0,0.0,1.0,0.0,0.0,,,,,,,,,,,,,,,,,,,3.0,"['Throughout England And Wales', 'Scotland', 'Northern Ireland']","['Region', 'Country']",National,q3
2026-02-13T00:00:00,4019321,1114715,0,BRITISH SOCIETY FOR GENE AND CELL THERAPY,Charitable company,Registered,2006-06-17T00:00:00,,Submission Received,2023-06-01T00:00:00,2024-05-31T00:00:00,60593.0,43789.0,The Roslin Institute,The University Of Edinburgh,Bush Farm,ROSLIN,Midlothian,EH25 9RG,07975602178,treasurer@bsgct.org,www.bsgct.org,04964174,False,False,0.0,,0.0,0.0,,The British Society for Gene and Cell Therapy aims to accelerate scientific progress and promote the public understanding of gene- and cell-therapies. BSGT holds an annual Public Open Day alongside the scientific conference and supports international exchanges and collaborations that aim to advance knowledge of the field.,0.0,0.0,2026-03-05T00:00:00,1114715,True,1,AR24,2023-06-01T00:00:00,1717113600000,2025-03-31T00:00:00,2025-02-27T00:00:00,60593,43789,,,,,,0.0,,0.0,,0.0,,,0.0,,0.0,0.0,0.0,0.0,0.0,,,,,,,,,,,,,,,,,,,15.0,"['Throughout England And Wales', 'Scotland', 'Northern Ireland']","['Region', 'Country']",National,q3
2026-02-13T00:00:00,261820,261820,0,MEDICAL WOMEN'S FEDERATION,Charitable company,Registered,1974-07-22T00:00:00,,Submission Received,2024-01-01T00:00:00,2024-12-31T00:00:00,78728.0,100826.0,ENTRANCE B,TAVISTOCK HOUSE NORTH,TAVISTOCK SQUARE,LONDON,,WC1H 9HX,02073877765,admin.mwf@btconnect.com,www.medicalwomensfederation.org.uk,00145990,False,False,0.0,,0.0,0.0,,The MWF was founded in 1917 and works to support the professional and personal development of women in all branches of medicine.  MWF have worked on many successful campaigns over the years and continues to fight barriers that face women in medicine as well as contribute to debates and discussion around women's careers and health. MWF has two national meetings a year and regional group meetings.,1.0,0.0,2026-03-05T00:00:00,261820,True,1,AR24,2024-01-01T00:00:00,1735603200000,2025-10-31T00:00:00,2025-10-27T00:00:00,78728,100826,,,,,,0.0,,0.0,,0.0,,,0.0,,0.0,0.0,0.0,0.0,0.0,0.0,,,,,,,,,,,,,,,,,,10.0,"['Throughout England And Wales', 'Scotland', 'Northern Ireland']","['Region', 'Country']",National,q3
2026-02-13T00:00:00,5166244,1191037,0,UNITED KINGDOM BIOLOGY COMPETITIONS,CIO,Registered,2020-08-26T00:00:00,,Submission Received,2023-09-01T00:00:00,2024-08-31T00:00:00,85285.0,54985.0,PO Box 377,LYTHAM ST. ANNES,Lancashire,,,FY8 9LY,07405 100563,contact@ukbiologycompetitions.org,https://ukbiologycompetitions.org/,,False,False,0.0,,1.0,0.0,,"We run biology competitions for school students. Currently, we run three competitions: British Biology Olympiad, Intermediate Biology Olympiad and Biology Challenge. We participate in the International Biology Olympiad, fielding a team from the winners of British Biology Olympiad and volunteering in the international jury.",0.0,0.0,2026-03-05T00:00:00,1191037,True,1,AR24,2023-09-01T00:00:00,1725062400000,2025-06-30T00:00:00,2025-06-30T00:00:00,85285,54985,,,,,,0.0,,0.0,,0.0,,,0.0,,1.0,0.0,1.0,0.0,0.0,0.0,,,,,,,,,,,,,,,,,,2.0,"['Throughout England And Wales', 'Scotland', 'Northern Ireland']","['Region', 'Country']",National,q3
2026-02-13T00:00:00,5179628,1195993,0,BEARDIES IN NEED,CIO,Registered,2021-09-30T00:00:00,,Submission Received,2024-03-01T00:00:00,2025-02-28T00:00:00,41899.0,10071.0,90 PALMCROFT ROAD,IPSWICH,,,,IP1 6QX,07765630182,shirleyhinchliffe01@gmail.com,www.beardiesinneed.org.uk,,False,False,0.0,,1.0,0.0,,"To relieve the suffering of animals in need of care and attention, in particular but not exclusively dogs that are wholly or in part bearded collies.  To provide care, protection, treatment and security for such animals, and to educate the public in matters relating to animal welfare and the prevention of cruelty and suffering.",0.0,0.0,2026-03-05T00:00:00,1195993,True,1,AR25,2024-03-01T00:00:00,1740700800000,2025-12-28T00:00:00,2025-10-15T00:00:00,41899,10071,,,,,,0.0,,0.0,,0.0,,,0.0,,0.0,0.0,0.0,0.0,0.0,,,,,,,,,,,,,,,,,,,0.0,"['Throughout England And Wales', 'Scotland', 'Northern Ireland']","['Region', 'Country']",National,q3
2026-02-13T00:00:00,3990655,1096755,0,THE BILL HOGARTH MBE MEMORIAL APPRENTICESHIP TRUST,Other,Registered,2003-03-28T00:00:00,,Submission Received,2023-06-01T00:00:00,2024-05-31T00:00:00,31918.0,27404.0,93 SILVERDALE ROAD,YEALAND REDMAYNE,CARNFORTH,,,LA5 9TD,01524781375,info@coppiceapprentice.org.uk,www.coppiceapprentice.org.uk,,False,False,0.0,,0.0,0.0,,"Annual Woodland Pioneers week for apprentices, potential apprentices and others.",0.0,1.0,2026-03-05T00:00:00,1096755,True,1,AR25,2024-06-01T00:00:00,1748649600000,2026-03-31T00:00:00,2026-02-27T00:00:00,47062,40632,,,,,,0.0,,0.0,,0.0,,,0.0,,0.0,0.0,0.0,0.0,0.0,,,,,,,,,,,,,,,,,,,20.0,"['Throughout England And Wales', 'Scotland']","['Region', 'Country']",National,q3
2026-02-13T00:00:00,3987192,1091620,0,Juvenile Arthritis Research,Trust,Registered,2002-04-12T00:00:00,,Submission Received,2024-01-01T00:00:00,2024-12-31T00:00:00,88431.0,46113.0,North Frith Farm,Ashes Lane,Tonbridge,Kent,,TN11 9QU,01732852214,kipo@jarproject.org,www.jarproject.org,,False,False,0.0,,0.0,0.0,,"Research, awareness and support for families affected by Juvenile Arthritis",0.0,0.0,2026-03-05T00:00:00,1091620,True,1,AR24,2024-01-01T00:00:00,1735603200000,2025-10-31T00:00:00,2025-09-02T00:00:00,88431,46113,,,,,,0.0,,0.0,,0.0,,,0.0,,0.0,0.0,0.0,0.0,0.0,,,,,,,,,,,,,,,,,,,20.0,"['Kent', 'Northern Ireland', 'Scotland']","['Local Authority', 'Country']",National,q3
2026-02-13T00:00:00,4005972,1104212,0,FORCES CHILDREN'S TRUST,Other,Registered,2004-06-08T00:00:00,,Submission Received,2024-01-01T00:00:00,2024-12-31T00:00:00,67719.0,101684.0,65 SHAWLEY WAY,EPSOM,,,,KT18 5PD,01737361077,denny.wise@forceschildrenstrust.org.uk,www.forceschildrenstrust.org.uk,,False,False,0.0,,0.0,0.0,,"To assist any dependant children who are in need, whose father or mother has died or has sustained life-changing injuries whilst serving as a member of the Armed Forces and such other occupations as determined from time to time by the trustees.",1.0,0.0,2026-03-05T00:00:00,1104212,True,1,AR24,2024-01-01T00:00:00,1735603200000,2025-10-31T00:00:00,2025-04-04T00:00:00,67719,101684,,,,,,0.0,,0.0,,0.0,,,1.0,1.0,1.0,0.0,0.0,1.0,0.0,0.0,,,,,,,,,,,,,,,,,,5.0,"['Throughout England And Wales', 'Scotland']","['Region', 'Country']",National,q3
2026-02-13T00:00:00,4017171,1110452,0,BRITISH SOCIETY OF CARDIOVASCULAR MAGNETIC RESONANCE,Charitable company,Registered,2005-07-14T00:00:00,,Submission Received,2024-01-01T00:00:00,2024-12-31T00:00:00,72155.0,73629.0,NSHI Ltd,33 Turbine Way,SWAFFHAM,Norfolk,,PE37 7XD,07983637847,liz@bscmr.org,www.bscmr.org,05258486,False,False,0.0,,0.0,0.0,,"The aims of the BSCMR are to:- promote clinical practice and research into cardiovascular magnetic resonance and to disseminate the useful results of such research, and- further the advancement of education in cardiovascular magnetic resonance for the public benefit.Membership of the BSCMR is open to all healthcare professional with an interest in Cardiovascular Magnetic Resonance Imaging.",0.0,0.0,2026-03-05T00:00:00,1110452,True,1,AR24,2024-01-01T00:00:00,1735603200000,2025-10-31T00:00:00,2025-02-18T00:00:00,72155,73629,,,,,,0.0,,0.0,,0.0,,,0.0,,0.0,0.0,0.0,0.0,1.0,0.0,,,,,,,,,,,,,,,,,,0.0,"['Throughout England And Wales', 'Scotland', 'Northern Ireland']","['Region', 'Country']",National,q3
2026-02-13T00:00:00,5215385,1203554,0,THINKING MUSIC,CIO,Registered,2023-06-14T00:00:00,,Submission Received,2023-06-14T00:00:00,2024-08-31T00:00:00,42589.0,43464.0,Woodborough Manor,Woodborough,Pewsey,,,SN9 5PL,07860843002,info@thinkingmusic.org,www.thinkingmusic.org,,False,False,0.0,,1.0,0.0,,,,,2026-03-05T00:00:00,1203554,True,1,AR24,2023-06-14T00:00:00,1725062400000,2025-06-30T00:00:00,2025-06-30T00:00:00,42589,43464,,,,,,0.0,,0.0,,0.0,,,0.0,,0.0,0.0,0.0,0.0,0.0,0.0,,,,,,,,,,,,,,,,,,10.0,"['Throughout England And Wales', 'Scotland']","['Region', 'Country']",National,q3
2026-02-13T00:00:00,298415,298415,0,THE POULTRY CLUB OF GREAT BRITAIN,Other,Registered,1988-05-04T00:00:00,,Submission Received,2024-04-01T00:00:00,2025-03-31T00:00:00,60752.0,60098.0,Lloyds Bank,Bellingham,HEXHAM,Northumberland,,NE48 2AZ,07947687153,info@poultryclub.org,www.poultryclub.org,,False,False,0.0,,0.0,0.0,,"AIMS & OBJECTIVES:THE CONSERVATION OF PURE & RARE BREEDS OF POULTRYTO ENCOURAGE, ASSIST & ADVISE DOMESTIC POULTRY KEEPERSTO PRODUCE THE RULES OF CONDUCT FOR EXHIBITORS & ORGANISERS OF POULTRY SHOWSTO ADMINISTER THE JUDGES' PANEL & THE TESTING OF NEW JUDGESTHE ORGANISATION OF THE ANNUAL NATIONAL CHAMPIONSHIP SHOWPROVISION OF THE SHOW AWARD SCHEME THROUGH MEDALS, PRIZE CARDS & ROSETTES",1.0,0.0,2026-03-05T00:00:00,298415,True,1,AR25,2024-04-01T00:00:00,1743379200000,2026-01-31T00:00:00,2026-01-21T00:00:00,60752,60098,,,,,,0.0,,0.0,,0.0,,,0.0,,0.0,0.0,0.0,0.0,0.0,0.0,,,,,,,,,,,,,,,,,,12.0,"['Throughout England And Wales', 'Scotland', 'Northern Ireland', 'Ireland', 'Guernsey']","['Region', 'Country']",National,q3
2026-02-13T00:00:00,261059,261059,0,THE SAMUEL GARDNER MEMORIAL TRUST,Trust,Registered,1970-06-01T00:00:00,,Submission Received,2024-04-06T00:00:00,2025-04-05T00:00:00,76098.0,82535.0,25 MARCHMONT ROAD,RICHMOND,,,,TW10 6HQ,07790543144,samuelgardnertrust@outlook.com,http://www.samuelgardnertrust.com/,,False,False,0.0,,0.0,0.0,,"Music and Arts, with an emphasis on the advancement of music and music education generally with an emphasis on the encouragement of young people; support for the arts and heritage; the preservation of trees, gardens etc to provide open spaces, public walks etc",0.0,0.0,2026-03-05T00:00:00,261059,True,1,AR25,2024-04-06T00:00:00,1743811200000,2026-02-05T00:00:00,2026-02-03T00:00:00,76098,82535,,,,,,1.0,,0.0,,0.0,,,0.0,,0.0,0.0,0.0,0.0,0.0,0.0,,,,,,,,,,,,,,,,,,0.0,"['Scotland', 'Throughout England And Wales']","['Country', 'Region']",National,q3
2026-02-13T00:00:00,5114726,1179467,0,BRITISH SOCIETY FOR GEOMORPHOLOGY,CIO,Registered,2018-08-06T00:00:00,,Submission Received,2024-01-01T00:00:00,2024-12-31T00:00:00,85435.0,82107.0,ROYAL GEOGRAPHICAL SOCIETY,1 KENSINGTON GORE,LONDON,,,SW7 2AR,020 7591 3000,bsg@geomorphology.org.uk,geomorphology.org.uk,,False,False,0.0,,1.0,0.0,,"Supports there development of geomorphology in Britain by: Awarding grants to individuals, awarding grants to institutions, sponsoring and/or undertaking research",1.0,0.0,2026-03-05T00:00:00,1179467,True,1,AR24,2024-01-01T00:00:00,1735603200000,2025-10-31T00:00:00,2025-10-28T00:00:00,85435,82107,,,,,,1.0,,0.0,,0.0,,,0.0,,0.0,0.0,0.0,0.0,0.0,0.0,,,,,,,,,,,,,,,,,,15.0,"['Scotland', 'Northern Ireland', 'Throughout England And Wales']","['Country', 'Region']",National,q3
2026-02-13T00:00:00,5002109,1129693,0,THE MOIRA FUND,Trust,Registered,2009-05-18T00:00:00,,Submission Received,2024-04-01T00:00:00,2025-03-31T00:00:00,66009.0,59663.0,37 FERRERS ROAD,WESTON,STAFFORD,,,ST18 0JN,01889207041,info@themoirafund.org.uk,www.themoirafund.org.uk,,False,False,0.0,,0.0,0.0,,To alleviate the distress of persons suffering from bereavement as a result of violent death at the hands of another.,1.0,0.0,2026-03-05T00:00:00,1129693,True,1,AR25,2024-04-01T00:00:00,1743379200000,2026-01-31T00:00:00,2025-10-30T00:00:00,66009,59663,,,,,,1.0,,0.0,,1.0,,14500.0,0.0,,0.0,0.0,0.0,0.0,0.0,,,,,,,,,,,,,,,,,,,50.0,"['Throughout England And Wales', 'Scotland']","['Region', 'Country']",National,q3
2026-02-13T00:00:00,5239863,1209305,0,SKINNERS HERITAGE FOUNDATION,Trust,Registered,2024-07-26T00:00:00,,Submission Received,2024-07-01T00:00:00,2025-06-30T00:00:00,37807.0,2015.0,WORSHIPFUL COMPANY OF SKINNERS,SKINNERS HALL,8 DOWGATE HILL,LONDON,,EC4R 2SP,02072365629,CHARITIES@SKINNERS.ORG.UK,https://www.skinners.org.uk/,,False,False,0.0,,0.0,0.0,,,,,2026-03-05T00:00:00,1209305,True,1,AR25,2024-07-01T00:00:00,1751241600000,2026-04-30T00:00:00,2026-01-15T00:00:00,37807,2015,,,,,,0.0,,0.0,,0.0,,,0.0,,0.0,0.0,0.0,0.0,0.0,,,,,,,,,,,,,,,,,,,0.0,['Throughout England And Wales'],['Region'],Regional,q3
2026-02-13T00:00:00,5212000,1204149,0,Agape Family Ministries,Charitable company,Registered,2023-07-28T00:00:00,,Submission Received,2023-10-01T00:00:00,2024-09-30T00:00:00,67800.0,44358.0,45 Pitcairn Road,SMETHWICK,,,,B67 5NE,01215301975,Christianinternationalgh@yahoo.co.uk,www.agfamins.co.uk,06376387,False,False,0.0,,0.0,0.0,,"We are a faith charity in Smethwick, Birmingham. All our activities are for public benefits. Our activities include advancement of the Christian religion and  relief of poverty. We serve people in our communities by meeting various social needs. We work hard to assert the intrinsic value of human life. This can be seen in our humanitarian work and our commitment to serve and empower the deprived.",1.0,0.0,2026-03-05T00:00:00,1204149,True,1,AR24,2023-10-01T00:00:00,1727654400000,2025-07-30T00:00:00,2025-06-02T00:00:00,67800,44358,,,,,,0.0,,0.0,,0.0,,,0.0,,0.0,0.0,0.0,0.0,0.0,0.0,,,,,,,,,,,,,,,,,,12.0,['Throughout England And Wales'],['Region'],Regional,q3
2026-02-13T00:00:00,3939569,1069388,0,FRONCYSYLLTE MALE VOICE CHOIR,Other,Registered,1998-05-01T00:00:00,,Submission Received,2024-01-01T00:00:00,2024-12-31T00:00:00,43513.0,35621.0,3 Liverpool Road West,OSWESTRY,Shropshire,,,SY11 1BJ,01691770912,secretary@fronchoir.com,www.fronchoir.com,,False,False,0.0,,0.0,0.0,,Singing in concerts to help organisations raise money for their charity and singing to the general public.,1.0,0.0,2026-03-05T00:00:00,1069388,True,1,AR24,2024-01-01T00:00:00,1735603200000,2025-10-31T00:00:00,2025-09-17T00:00:00,43513,35621,,,,,,0.0,,0.0,,0.0,,,0.0,,0.0,0.0,0.0,0.0,0.0,0.0,,,,,,,,,,,,,,,,,,65.0,['Throughout England And Wales'],['Region'],Regional,q3
2026-02-13T00:00:00,803021,803021,0,ARCHCONFRATERNITY OF ST STEPHEN,Other,Registered,1990-04-03T00:00:00,,Submission Received,2024-07-01T00:00:00,2025-06-30T00:00:00,39860.0,27482.0,Archconfraternity of St Stephen,Vaughan House,46 Francis Street,LONDON,,SW1P 1QN,02077905911,secretary@guildofststephen.org,www.guildofststephen.org,,False,False,0.0,,0.0,0.0,,Promoting altar serving,0.0,0.0,2026-03-05T00:00:00,803021,True,1,AR25,2024-07-01T00:00:00,1751241600000,2026-04-30T00:00:00,2025-11-17T00:00:00,39860,27482,,,,,,0.0,,0.0,,0.0,,,0.0,,0.0,0.0,0.0,0.0,0.0,,,,,,,,,,,,,,,,,,,12.0,['Throughout England And Wales'],['Region'],Regional,q3
2026-02-13T00:00:00,5073097,1165495,0,MIDDLE EAST EDUCATION (LONDON) LTD,Charitable company,Registered,2016-02-09T00:00:00,,Submission Received,2023-08-01T00:00:00,2024-07-31T00:00:00,52152.0,55826.0,16 Tillingbourne Gardens,LONDON,,,,N3 3JL,07812 641210,OFFICE@MIDDLEEASTEDU.CO.UK,www.middleeastedu.co.uk,07928688,False,False,0.0,,0.0,0.0,,The charity promotes racial and religious harmony for the public benefit by promoting knowledge and mutual understanding between different groups.,0.0,0.0,2026-03-05T00:00:00,1165495,True,1,AR24,2023-08-01T00:00:00,1722384000000,2025-05-31T00:00:00,2025-05-13T00:00:00,52152,55826,,,,,,0.0,,0.0,,0.0,,,0.0,,0.0,0.0,0.0,0.0,0.0,0.0,,,,,,,,,,,,,,,,,,0.0,['Throughout England'],['Region'],Regional,q3
2026-02-13T00:00:00,5023582,1144932,0,LONDON ALL NATIONS KOREAN PRESBYTERIAN CHURCH,Trust,Registered,2011-12-06T00:00:00,,Submission Received,2024-01-01T00:00:00,2024-12-31T00:00:00,37607.0,41859.0,6 Cadmer Close,NEW MALDEN,Surrey,,,KT3 5DG,07825880154,ALLNATIONSINLONDON@GMAIL.COM,https://allnationschurch.modoo.at,,False,False,0.0,,0.0,0.0,,Provide places of worship services of Christian worship and Fellowship facilities allowing Believers practice their faith Organising services of Christian worship prayer meetings Christian teaching preaching  public celebration of religious festivals  Missionary and outreach work Provision of money management and debt counselling advice Provision of small grants,0.0,0.0,2026-03-05T00:00:00,1144932,True,1,AR24,2024-01-01T00:00:00,1735603200000,2025-10-31T00:00:00,2025-03-14T00:00:00,37607,41859,,,,,,0.0,,0.0,,0.0,,,0.0,,1.0,0.0,1.0,0.0,0.0,0.0,,,,,,,,,,,,,,,,,,9.0,['Throughout London'],['Region'],Regional,q3
2026-02-13T00:00:00,5155538,1188510,0,BEARDED FISHERMEN,CIO,Registered,2020-03-12T00:00:00,,Submission Received,2024-01-01T00:00:00,2024-12-31T00:00:00,89470.0,76837.0,20 Market Place,GAINSBOROUGH,Lincolnshire,,,DN21 2BY,01427433009,rickroberts@beardedfishermen.org.uk,www.beardedfishermen.org.uk,,False,False,0.0,,1.0,0.0,,"We are a mental health awareness and suicide prevention charity, we also support and help with the wellbeing of vulnerable people and families. We offer support via telephone, face to face, video meeting and we can also support you through counselling. We offer support from age 4 up-to 90. We run several local community groups offering support and we also have suicide prevention crisis response.",1.0,1.0,2026-03-05T00:00:00,1188510,True,1,AR24,2024-01-01T00:00:00,1735603200000,2025-10-31T00:00:00,2025-10-27T00:00:00,89470,76837,,,,,,0.0,,0.0,,0.0,,,0.0,,0.0,0.0,0.0,0.0,0.0,,,,,,,,,,,,,,,,,,,23.0,['Throughout England'],['Region'],Regional,q3
2026-02-13T00:00:00,1056254,1056254,0,EMI ARCHIVE TRUST,Charitable company,Registered,1996-06-18T00:00:00,,Submission Received,2024-04-01T00:00:00,2025-03-31T00:00:00,90869.0,63002.0,4 Pancras Square,LONDON,,,,N1C 4AG,02088482005,,www.emigrouparchivetrust.org,03197688,False,False,0.0,,0.0,0.0,,"The advancement of education and research and, in particular, to foster and promote the study and appreciation of the art techniques and development of sound recording and the history of the sound recording industry.",0.0,0.0,2026-03-05T00:00:00,1056254,True,1,AR25,2024-04-01T00:00:00,1743379200000,2026-01-31T00:00:00,2026-01-22T00:00:00,90869,63002,,,,,,0.0,,0.0,,0.0,,,0.0,,0.0,0.0,0.0,0.0,0.0,,,,,,,,,,,,,,,,,,,0.0,['Throughout England And Wales'],['Region'],Regional,q3
2026-02-13T00:00:00,5101171,1173266,0,FRIENDS OF RADNOR HOUSE SEVENOAKS,Other,Registered,2017-06-05T00:00:00,,Submission Received,2023-09-01T00:00:00,2024-08-31T00:00:00,93085.0,54754.0,RADNOR HOUSE SEVENOAKS,COMBE BANK DRIVE,SUNDRIDGE,SEVENOAKS,,TN14 6AE,01959563720,friends@radnor-sevenoaks.org,http://www.radnor-sevenoaks.org/about/friends-of-radnor-house-sevenoaks-school/,,False,False,0.0,,0.0,0.0,,Giving grants to charities chosen by the pupils of Radnor House Sevenoaks,1.0,0.0,2026-03-05T00:00:00,1173266,True,1,AR24,2023-09-01T00:00:00,1725062400000,2025-06-30T00:00:00,2025-05-15T00:00:00,93085,54754,,,,,,0.0,,0.0,,0.0,,,0.0,,0.0,0.0,0.0,0.0,1.0,,,,,,,,,,,,,,,,,,,15.0,['Throughout England'],['Region'],Regional,q3
2026-02-13T00:00:00,1007733,1007733,0,ARIHANT CHARITABLE TRUST,Trust,Registered,1992-01-29T00:00:00,,Submission Received,2024-04-01T00:00:00,2025-03-31T00:00:00,49597.0,153789.0,Kipfold,Cheetwood House,Cheetwood Road,Manchester,,M8 8AQ,01614286425,mukesh@kipfoldgroup.com,,,False,False,0.0,,0.0,0.0,,TO DONATE FUNDS TOWARDS HUMANITARIAN CAUSES AND ACTIVITIES INCLUDING COMMUNITY GROUPS.SUPPORTING PROJECTS OR APPEALS THAT MEETS THE NEEDS AND  PROVIDE BENEFIT TO THE UNDER COMMUNITY. THE CHARITY ALSO CONSIDER THE WELL BEING OF ANIMALS OF PRIMARY IMPORTANCE.,0.0,0.0,2026-03-05T00:00:00,1007733,True,1,AR25,2024-04-01T00:00:00,1743379200000,2026-01-31T00:00:00,2026-01-26T00:00:00,49597,153789,,,,,,0.0,,0.0,,0.0,,,0.0,,0.0,0.0,0.0,0.0,0.0,,,,,,,,,,,,,,,,,,,4.0,['Throughout England And Wales'],['Region'],Regional,q3
2026-02-13T00:00:00,5232672,1208373,0,STEP OUT MENTORING,CIO,Registered,2024-05-23T00:00:00,,Submission Received,2024-05-23T00:00:00,2025-02-28T00:00:00,51978.0,64314.0,UNIT 2 LAKANAL,SCEAUX GARDENS,LONDON,,,SE5 7DN,07503586565,info@step-out.org.uk,www.step-out.org.uk,,False,False,0.0,,1.0,0.0,,"Step Out Mentoring provides outdoor based mentoring sessions, group activities, trips and residentials  to children and young people in South London. Our activities are there to support young people to thrive and play positive roles in their communities.",,0.0,2026-03-05T00:00:00,1208373,True,1,AR25,2024-05-23T00:00:00,1740700800000,2025-12-28T00:00:00,2025-11-28T00:00:00,51978,64314,,,,,,0.0,,0.0,,0.0,,,0.0,,0.0,0.0,0.0,0.0,0.0,0.0,,,,,,,,,,,,,,,,,,25.0,['Throughout London'],['Region'],Regional,q3
2026-02-13T00:00:00,263101,263101,0,THE INTERNATIONAL HERMENEUTIC SOCIETY,Other,Registered,1971-10-26T00:00:00,,Submission Received,2023-11-01T00:00:00,2024-10-31T00:00:00,45043.0,48410.0,TAN Y GARTH HALL,PONTFADOG,LLANGOLLEN,,,LL20 7AS,03003021936,info@hermeneutic.co.uk,www.tanygaththallretreat.org,,False,False,0.0,,0.0,0.0,,"The IHS exists to make known and propagate hermeneutic techniques and disciplines so that mankind might better understand itself. Hermeneutics is the science of interpretation, discovery and communication of the teachings of world scriptures. We run Tan-y-Garth Hall Retreat in North Wales to provide practical opportunities for people to explore & apply such works for improving personal wellbeing.",1.0,1.0,2026-03-05T00:00:00,263101,True,1,AR24,2023-11-01T00:00:00,1730332800000,2025-08-31T00:00:00,2025-08-30T00:00:00,45043,48410,,,,,,0.0,,0.0,,0.0,,,0.0,,0.0,0.0,0.0,0.0,0.0,,,,,,,,,,,,,,,,,,,42.0,['Throughout England And Wales'],['Region'],Regional,q3
2026-02-13T00:00:00,219666,219666,0,THE INCORPORATED BENEVOLENT ASSOCIATION OF THE CHARTERED INSTITUTE OF PATENT ATTORNEYS,Charitable company,Registered,1963-12-07T00:00:00,,Submission Received,2024-04-06T00:00:00,2025-04-05T00:00:00,73928.0,46301.0,c/o CIPA,2nd Floor Viaro House,20-23 Holborn,LONDON,,EC1N 2JD,020 7405 9450,enquiries@cipabenevolent.org.uk,,00319970,False,False,0.0,,0.0,0.0,,RELIEF OF POVERTY,1.0,0.0,2026-03-05T00:00:00,219666,True,1,AR25,2024-04-06T00:00:00,1743811200000,2026-02-05T00:00:00,2025-12-18T00:00:00,73928,46301,,,,,,1.0,,0.0,,0.0,,,0.0,,0.0,0.0,0.0,0.0,0.0,,,,,,,,,,,,,,,,,,,10.0,['Throughout England And Wales'],['Region'],Regional,q3
2026-02-13T00:00:00,5036427,1153481,0,THE SULGRAVE FOUNDATION,Charitable company,Registered,2013-08-20T00:00:00,,Submission Received,2023-07-01T00:00:00,2024-06-30T00:00:00,52749.0,59001.0,Penningtons Manches Cooper Llp,Bottle Works,The Bars,GUILDFORD,Surrey,GU1 4LP,01483791828,,,08250058,False,False,0.0,,0.0,0.0,,For such charitable purposes as the directors from time to time think fit & in particular to further the development  & education of boys & young men & girls & young women through their leisure-time activities to help them achieve their physical mental and spiritual potential so that they may grow to full maturity as individuals & members of society & that their conditions of life may be improved.,0.0,1.0,2026-03-05T00:00:00,1153481,True,1,AR24,2023-07-01T00:00:00,1719705600000,2025-04-30T00:00:00,2025-03-04T00:00:00,52749,59001,,,,,,1.0,,0.0,,0.0,,,0.0,,0.0,0.0,0.0,0.0,0.0,,,,,,,,,,,,,,,,,,,0.0,['Throughout London'],['Region'],Regional,q3
2026-02-13T00:00:00,5092602,1175992,0,THE NIGHTINGALE FELLOWSHIP,Charitable company,Registered,2017-11-29T00:00:00,,Submission Received,2024-01-01T00:00:00,2024-12-31T00:00:00,86914.0,143013.0,6 TRULL FARM BUILDINGS,TRULL,TETBURY,GLOUCESTERSHIRE,,GL8 8SQ ,01285841908,info@thenightingalefellowship.org.uk,http://thenightingalefellowship.org.uk/,10409442,False,False,0.0,,0.0,0.0,,"The Nightingale Fellowship is a grant making organisation.The Objects of the Charity are:1 The relief of full members who are in need through financial hardship, distress or ill health;2 The advancement of Education of eligible nurses and midwives whether in the United Kingdom or elsewhere.",1.0,0.0,2026-03-05T00:00:00,1175992,True,1,AR24,2024-01-01T00:00:00,1735603200000,2025-10-31T00:00:00,2025-09-17T00:00:00,86914,143013,,,,,,1.0,,0.0,,0.0,,,0.0,,0.0,0.0,0.0,0.0,0.0,,,,,,,,,,,,,,,,,,,0.0,['Throughout England And Wales'],['Region'],Regional,q3
2026-02-13T00:00:00,4041619,1127436,0,THE JERUSALEM INTEREST-FREE MICROFINANCE FUND LIMITED,Charitable company,Registered,2009-01-08T00:00:00,,Submission Received,2023-09-01T00:00:00,2024-08-31T00:00:00,165865.0,149783.0,19 THE PARK,LONDON,,,,NW11 7ST,02084554785,donald.franklin@jerusalemmicrofinance.com,www.jerusalemmicrofinance.com,06681463,False,False,0.0,,0.0,0.0,,"The Jerusalem Interest-free Microfinance Fund Ltd is a fully cross-communal initiative that alleviates poverty and mitigates inter-communal tension in Jerusalem, through provision of programmes involving training and micro-finance (loans etc.) for groups (so far, women only) from Jerusalem communities lacking access to bank funding who wish to start or to expand small businesses.",1.0,0.0,2026-03-05T00:00:00,1127436,True,1,AR24,2023-09-01T00:00:00,1725062400000,2025-06-30T00:00:00,2025-06-05T00:00:00,165865,149783,,,,,,0.0,,0.0,,0.0,,,0.0,,0.0,0.0,0.0,0.0,0.0,,,,,,,,,,,,,,,,,,,0.0,['Israel'],['Country'],International,q4
2026-02-13T00:00:00,5023808,1148089,0,MUSLIM HELP UK,Trust,Registered,2012-07-17T00:00:00,,Submission Received,2024-01-01T00:00:00,2024-12-31T00:00:00,238930.0,253994.0,PO Box 1046,London,,,,RM9 9RY,02036332779,info@muslimhelp.org,www.muslimhelp.org,,False,False,0.0,,0.0,0.0,,"Muslim Help is a UK-based international development registered charity and Non-profit Organisation, which strives to help communities tackle many challenges it faces. We are working for Education, Healthcare, Disabled and also providing Emergency Help where needed.",1.0,0.0,2026-03-05T00:00:00,1148089,True,1,AR24,2024-01-01T00:00:00,1735603200000,2025-10-31T00:00:00,2025-10-27T00:00:00,238930,253994,,,,,,0.0,,0.0,,0.0,,,0.0,,0.0,0.0,0.0,0.0,0.0,,,,,,,,,,,,,,,,,,,15.0,"['Throughout England And Wales', 'Bangladesh', 'Somalia', 'Yemen', 'Occupied Palestinian Territories', 'Morocco', 'Turkey']","['Region', 'Country']",International,q4
2026-02-13T00:00:00,279598,279598,0,The George Adamson & Tony Fitzjohn Wildlife Trust,Trust,Registered,1980-04-11T00:00:00,,Submission Received,2023-10-01T00:00:00,2024-09-30T00:00:00,65118.0,143069.0,141A High Street,Edenbridge,,,,TN8 5AX,01732 866955,admin@georgeadamson.org,www.georgeadamson.org,,False,False,0.0,,0.0,0.0,,The trust's objects are to advance education of the public at large in the science of zoology by the study of wildlife in its natural habitat particularly in Kenya and the rest of Africa.,1.0,0.0,2026-03-05T00:00:00,279598,True,1,AR25,2024-10-01T00:00:00,1759190400000,2026-07-30T00:00:00,2026-02-23T00:00:00,215221,150328,,,,,,0.0,,0.0,,0.0,,,0.0,,0.0,0.0,0.0,0.0,0.0,0.0,,,,,,,,,,,,,,,,,,0.0,"['Barnet', 'Kenya', 'Tanzania']","['Local Authority', 'Country']",International,q4
2026-02-13T00:00:00,5197390,1198935,0,The Malawi Scholarship Programme,CIO,Registered,2022-05-12T00:00:00,,Submission Received,2024-04-06T00:00:00,2025-04-05T00:00:00,141802.0,10092.0,Walden Cottage,Bull Lane,CHALFONT ST. PETER,WALDEN COTTAGE,,SL9 8RY,07828106974,mspmalawi@gmail.com,www.mspmalawi.org,,False,False,0.0,,1.0,0.0,,"The object of the CIO is, for the public benefit, to advance the education of young people in the Mbabzi area of Malawi, Africa, in such ways as the charity trustees think fit, including by:a) Awarding to such persons scholarships tenable at any university, college or institution of higher or further educationb) Improving the school facilities and infrastructure",0.0,0.0,2026-03-05T00:00:00,1198935,True,1,AR25,2024-04-06T00:00:00,1743811200000,2026-02-05T00:00:00,2026-01-07T00:00:00,141802,10092,,,,,,0.0,,0.0,,0.0,,,0.0,,0.0,0.0,0.0,0.0,0.0,0.0,,,,,,,,,,,,,,,,,,1.0,['Malawi'],['Country'],International,q4
2026-02-13T00:00:00,1029341,1029341,0,BROWNBREAD HORSE RESCUE,Other,Registered,1993-11-30T00:00:00,,Submission Received,2023-11-30T00:00:00,2024-11-29T00:00:00,167487.0,77530.0,Brownbread Horse Rescue,Brownbread Street,Ashburnham,BATTLE,,TN33 9NX,01424892381,bbhrescue@gmail.com,www.brownbreadhorserescue.org,,False,False,0.0,,0.0,0.0,,"The prevention of equine abuse, their rehabilitation and providing full facilities for their care.  Also the training and provision of selected suitable ponies for disabled persons and disability groups, (RDA)",1.0,1.0,2026-03-05T00:00:00,1029341,True,1,AR24,2023-11-30T00:00:00,1732838400000,2025-09-29T00:00:00,2025-06-08T00:00:00,167487,77530,,,,,,0.0,,0.0,,0.0,,,0.0,,0.0,0.0,0.0,0.0,0.0,0.0,,,,,,,,,,,,,,,,,,8.0,"['Throughout London', 'East Sussex', 'Essex', 'Hampshire', 'Isle Of Wight', 'Kent', 'Norfolk', 'Suffolk', 'Surrey', 'Portsmouth City', 'Belgium', 'France', 'Germany', 'Spain']","['Region', 'Local Authority', 'Country']",International,q4
2026-02-13T00:00:00,4050749,1142391,0,WALSALL INDEPENDENT EVANGELICAL CHURCH,Other,Registered,2011-06-13T00:00:00,,Submission Received,2024-01-01T00:00:00,2024-12-31T00:00:00,120099.0,128016.0,Walsall Independent Evangelical Chu,Bath Street,WALSALL,,,WS1 3DB,01922612223,OFFICE@BATHSTREETCENTRE.CO.UK,WWW.BATHSTREETCENTRE.CO.UK,,False,False,0.0,,0.0,0.0,,"Advancing the Christian faith for the benefit of the public (in accordance with our STATEMENTS OF BELIEF) by the holding of preaching services, prayer meeting, lectures and study courses, public celebrations of religious festivals, producing and/or distributing literature to enlighten others about the Christian faith.",1.0,1.0,2026-03-05T00:00:00,1142391,True,1,AR24,2024-01-01T00:00:00,1735603200000,2025-10-31T00:00:00,2025-08-05T00:00:00,120099,128016,,,,,,0.0,,0.0,,0.0,,,0.0,,0.0,0.0,0.0,0.0,0.0,0.0,,,,,,,,,,,,,,,,,,10.0,"['Birmingham City', 'Walsall', 'Spain', 'Vietnam', 'Hong Kong']","['Local Authority', 'Country']",International,q4
2026-02-13T00:00:00,5087116,1171815,0,GUNJUR PROJECT ASSOCIATION,CIO,Registered,2017-02-28T00:00:00,,Submission Received,2024-07-01T00:00:00,2025-06-30T00:00:00,186357.0,156175.0,5 Gored Cottages,Melincourt,Neath,,,SA11 4BD,07498631004,jo@gpagambia.org,www.gpagambia.org,,False,False,0.0,,1.0,0.0,,"Working to relieve poverty in The Gambia, we are based in a rural area of Gambia in Gunjur. We support many community initiatives, incl  women's development and small business development plus we have a memorandum of understanding with The Ministry of Education to improve learning opportunity in schools, sponsor students education, run training events for teachers and students and the community.",1.0,1.0,2026-03-05T00:00:00,1171815,True,1,AR25,2024-07-01T00:00:00,1751241600000,2026-04-30T00:00:00,2025-11-20T00:00:00,186357,156175,,,,,,0.0,,0.0,,0.0,,,0.0,,0.0,0.0,0.0,0.0,0.0,,,,,,,,,,,,,,,,,,,120.0,['The Gambia'],['Country'],International,q4
2026-02-13T00:00:00,5031441,1149753,0,BRIGHTER FUTURE FOUNDATION,Trust,Registered,2012-11-14T00:00:00,,Submission Received,2024-04-01T00:00:00,2025-03-31T00:00:00,206242.0,236800.0,187 Monmouth Drive,SUTTON COLDFIELD,,,,B73 6JR,07875040316,maxiekyi@gmail.com,www.brighterfutureuk.org,,False,False,0.0,,0.0,0.0,,(1)Fund raising by holding events ((2) Improving Global Health Fellowship placements in collaboration with Thames Valley GP Faculty  (3) Support for National Simulation/Skill Centre development by funding the UK simulation centre expert visit to Myanmar (4) Donation of Medical Equipment(5)Funding of placement of UK Intensive Care Fellow at Mandalay General Hospital,0.0,0.0,2026-03-05T00:00:00,1149753,True,1,AR25,2024-04-01T00:00:00,1743379200000,2026-01-31T00:00:00,2026-01-30T00:00:00,206242,236800,,,,,,0.0,,0.0,,0.0,,,0.0,,0.0,0.0,0.0,0.0,0.0,,,,,,,,,,,,,,,,,,,1.0,['Burma'],['Country'],International,q4
2026-02-13T00:00:00,5074545,1166497,0,PORRIDGE AND PENS GHANA,Trust,Registered,2016-04-13T00:00:00,,Submission Received,2024-01-01T00:00:00,2024-12-31T00:00:00,258339.0,282590.0,1 Chapman Close,Brightlingsea,COLCHESTER,,,CO7 0FS,07740016229,jemmawilliams89@gmail.com,www.porridgeandpens.org,,False,False,0.0,,0.0,0.0,,"Porridge and Pens works with some of the most disadvantaged children and young adults in Ghana. We do this by providing access to free education, medicine, safe shelter and school meals so young people can create their own bright and sustainable futures, free from poverty.",1.0,0.0,2026-03-05T00:00:00,1166497,True,1,AR24,2024-01-01T00:00:00,1735603200000,2025-10-31T00:00:00,2025-09-18T00:00:00,258339,282590,,,,,,0.0,,0.0,,0.0,,,0.0,,0.0,0.0,0.0,0.0,0.0,0.0,,,,,,,,,,,,,,,,,,15.0,"['Essex', 'Ghana']","['Local Authority', 'Country']",International,q4
2026-02-13T00:00:00,5173719,1196107,0,OPERATION KINDLE LTD,Charitable company,Registered,2021-10-11T00:00:00,,Submission Received,2024-02-01T00:00:00,2025-01-31T00:00:00,113619.0,107472.0,4th Floor,Silverstream House,45 Fitzroy Street,Fitzrovia,London,W1T 6EB,07412600316,admin.smrc@mailservicecenter.org,https://operationkindle.org/,12139940,False,False,0.0,,0.0,0.0,,The Charity's purposes for which it is established are the advancement of the religion of Christianity for the benefit of the public in the UK and in other countries..,1.0,0.0,2026-03-05T00:00:00,1196107,True,1,AR25,2024-02-01T00:00:00,1738281600000,2025-11-30T00:00:00,2025-10-28T00:00:00,113619,107472,,,,,,0.0,,0.0,,0.0,,,0.0,,1.0,0.0,0.0,1.0,0.0,0.0,,,,,,,,,,,,,,,,,,5.0,"['Turkey', 'Germany', 'Netherlands', 'City Of London', 'Liverpool City']","['Country', 'Local Authority']",International,q4
2026-02-13T00:00:00,5043247,1155507,0,EARTH BUILDING UK AND IRELAND LTD,Charitable company,Registered,2014-01-28T00:00:00,,Submission Received,2024-04-01T00:00:00,2025-03-31T00:00:00,113608.0,112272.0,Mander Duffill Ltd,41-43 Market Place,CHIPPENHAM,Wiltshire,,SN15 3HR,02072414684,info@ebuki.co,www.ebuki.co,06857784,False,False,0.0,,0.0,0.0,,"To advance education and knowledge for the public benefit, in particular but not exclusively by providing skills and knowledge on the use of earth as a building material through training, advocacy, consultancy, promoting research and disseminating the useful results of such research.",1.0,0.0,2026-03-05T00:00:00,1155507,True,1,AR25,2024-04-01T00:00:00,1743379200000,2026-01-31T00:00:00,2025-10-20T00:00:00,113608,112272,,,,,,0.0,,0.0,,0.0,,,0.0,,0.0,0.0,0.0,0.0,0.0,0.0,,,,,,,,,,,,,,,,,,25.0,"['Ireland', 'Scotland', 'Zimbabwe', 'Throughout England And Wales']","['Country', 'Region']",International,q4
2026-02-13T00:00:00,5058965,1161465,0,WORLD SPORT MINISTRIES,CIO,Registered,2015-04-28T00:00:00,,Submission Received,2024-04-01T00:00:00,2025-03-31T00:00:00,244250.0,257728.0,Weston Hub,Penn Hill  Road,Bath,,,BA1 4EH,01225 300199,info@worldsportministries.com,www.worldsportministries.com,,False,False,0.0,,1.0,0.0,,"Partnering with churches to establish community sports teams that reach people through co-ordinated events. Activities include schools coaching ministry, prison outreach, sports dinners and quiz's. Sports Discipleship groups and mission trips.",1.0,0.0,2026-03-05T00:00:00,1161465,True,1,AR25,2024-04-01T00:00:00,1743379200000,2026-01-31T00:00:00,2026-01-07T00:00:00,244250,257728,,,,,,0.0,,0.0,,0.0,,,0.0,,0.0,0.0,0.0,0.0,0.0,0.0,,,,,,,,,,,,,,,,,,50.0,"['Dorset', 'Gloucestershire', 'Somerset', 'Wiltshire', 'North Somerset', 'Bristol City', 'Poole', 'Burundi', 'Kenya', 'Malawi', 'Pakistan', 'Sierra Leone', 'Uganda', 'Congo (Democratic Republic)', 'Zambia', 'Zimbabwe', 'Guinea', 'India', 'Liberia', 'Nepal', 'Philippines', 'Rwanda', 'Tanzania', 'Togo']","['Local Authority', 'Country']",International,q4
2026-02-13T00:00:00,277253,277253,0,THE BENLIAN TRUST,Other,Registered,1979-02-26T00:00:00,,Submission Received,2024-06-30T00:00:00,2025-03-31T00:00:00,279546.0,146487.0,PO BOX 7340,LONDON,,,,W1A 3XE,07909512148,mail@benliantrust.org,,,False,False,0.0,,0.0,0.0,,Granting scholarships to Armenian students attending university in England; making grants to Armenian organisations for cultural activities for the benefit of the London Armenian Community; and making charitable donations in accordance with the terms of the Will of the benefactor under which the Trust Fund was created.,0.0,1.0,2026-03-05T00:00:00,277253,True,1,AR25,2024-06-30T00:00:00,1743379200000,2026-01-31T00:00:00,2025-11-20T00:00:00,279546,146487,,,,,,1.0,,0.0,,0.0,,,0.0,,0.0,0.0,0.0,0.0,0.0,0.0,,,,,,,,,,,,,,,,,,0.0,"['Throughout England', 'France', 'Israel', 'Turkey']","['Region', 'Country']",International,q4
2026-02-13T00:00:00,4043486,1127961,0,LACES EDUCATIONAL,Charitable company,Registered,2009-02-09T00:00:00,,Submission Received,2024-04-01T00:00:00,2025-03-31T00:00:00,216278.0,179574.0,Lee Bolton Monier Williams,1 The Sanctuary,LONDON,,,SW1P 3JT,02072225381,Howard.Dellar@lbmw.com,,06752476,False,False,0.0,,0.0,0.0,,ADVANCEMENT OF EDUCATION THROUGHOUT THE WORLD & RELATED PROJECTS.,0.0,0.0,2026-03-05T00:00:00,1127961,True,1,AR25,2024-04-01T00:00:00,1743379200000,2026-01-31T00:00:00,2025-11-17T00:00:00,216278,179574,,,,,,1.0,,0.0,,0.0,,,0.0,,0.0,0.0,0.0,0.0,0.0,,,,,,,,,,,,,,,,,,,0.0,"['Throughout London', 'Ghana']","['Region', 'Country']",International,q4
2026-02-13T00:00:00,1059627,1059627,0,THE EUROPEAN YARCHEI KALLOH,Other,Registered,1996-12-05T00:00:00,,Submission Received,2024-04-01T00:00:00,2025-03-31T00:00:00,99469.0,122263.0,29 WARGRAVE AVENUE,LONDON,,,,N15 6UH,02088091869,,,,False,False,0.0,,0.0,0.0,,Promotion and sponsorship of Yarchei Kalloh revival in Europe,0.0,0.0,2026-03-05T00:00:00,1059627,True,1,AR25,2024-04-01T00:00:00,1743379200000,2026-01-31T00:00:00,2025-10-30T00:00:00,99469,122263,,,,,,1.0,,0.0,,0.0,,,0.0,,0.0,0.0,0.0,0.0,0.0,,,,,,,,,,,,,,,,,,,1.0,"['Barnet', 'Hackney', 'Haringey', 'Salford City', 'Israel', 'Netherlands', 'Switzerland']","['Local Authority', 'Country']",International,q4
2026-02-13T00:00:00,5010953,1139786,0,CAMBRIAN HERITAGE RAILWAYS LIMITED,Charitable company,Registered,2011-01-12T00:00:00,,Submission Received,2024-04-01T00:00:00,2025-03-31T00:00:00,100984.0,105509.0,Old Station Building,Oswald Road,Oswestry,,,SY11 1RE,01691688763,treasurer@cambrianrailways.com,www.cambrianrailways.com,06999964,False,False,0.0,,0.0,0.0,,"The preservation, operation, restoration, maintenance and protection of such of the structures, buildings, plant, locomotives, rolling stock, railway track and equipment on or adjacent to or connected with the railway lines between Gobown and Llanymynech and beyond, and Llynclys Junction and Llanddu and beyond, as are of historic, cultural, architectural, constructional or scientific interest.",1.0,1.0,2026-03-05T00:00:00,1139786,True,1,AR25,2024-04-01T00:00:00,1743379200000,2026-01-31T00:00:00,2026-01-29T00:00:00,100984,105509,,,,,,0.0,,0.0,,0.0,,,0.0,,0.0,0.0,0.0,0.0,0.0,,,,,,,,,,,,,,,,,,,40.0,['Shropshire'],['Local Authority'],Local,q4
2026-02-13T00:00:00,5025975,1146348,0,THE PAROCHIAL CHURCH COUNCIL OF THE ECCLESIASTICAL PARISH OF ST GILES' EXHALL COVENTRY,Previously excepted,Registered,2012-03-13T00:00:00,,Submission Received,2024-01-01T00:00:00,2024-12-31T00:00:00,137105.0,202679.0,CHURCH HALL,ST. GILES ROAD,COVENTRY,,,CV7 9GZ ,02476368008,office@stgileschurchexhall.info,www.StGilesChurchExhall.info,,False,False,1.0,,0.0,0.0,,"Parish Church with supporting activities for all age groups within the community, both within the church itself and both Chuch Halls.Fuller details given in original charity application.",1.0,1.0,2026-03-05T00:00:00,1146348,True,1,AR24,2024-01-01T00:00:00,1735603200000,2025-10-31T00:00:00,2025-09-23T00:00:00,137105,202679,,,,,,0.0,,0.0,,1.0,,5639.0,0.0,,0.0,0.0,0.0,0.0,0.0,0.0,,,,,,,,,,,,,,,,,,10.0,['Warwickshire'],['Local Authority'],Local,q4
2026-02-13T00:00:00,4036235,1122436,0,THE WHITWORTH CENTRE,Charitable company,Registered,2008-01-23T00:00:00,,Submission Received,2024-04-01T00:00:00,2025-03-31T00:00:00,139882.0,158619.0,JOSEPH WHITWORTH CENTRE,STATION ROAD,DARLEY DALE,MATLOCK,,DE4 2EQ,01629733678,events@thewhitworth.org,www.thewhitworthcentre.co.uk,06330264,False,False,0.0,,0.0,0.0,,A RANGE OF CONFERENCE AND SPORTING ACTIVITIES FOR THE LOCAL AND WIDER COMMUNITY,0.0,1.0,2026-03-05T00:00:00,1122436,True,1,AR25,2024-04-01T00:00:00,1743379200000,2026-01-31T00:00:00,2025-10-14T00:00:00,139882,158619,,,,,,0.0,,0.0,,4.0,,118721.0,1.0,1.0,0.0,0.0,0.0,0.0,0.0,0.0,,,,,,,,,,,,,,,,,,0.0,['Derbyshire'],['Local Authority'],Local,q4
2026-02-13T00:00:00,5200195,1199680,0,CREWE AND NANTWICH GYMNASTICS AND COMMUNITY ACTIVITIES CENTRE,CIO,Registered,2022-07-18T00:00:00,,Submission Received,2023-08-31T00:00:00,2024-08-30T00:00:00,247052.0,229323.0,CREWE AND NANTWICH,GYMNASTICS AND COMM ACTVTS ASSN,CAMM STREET CENTRE,CREWE,CHESHIRE,CW2 7DN,01270214324,chair@cngc.info,Cammstreetcentre.com,,False,False,0.0,,1.0,0.0,,We provide coaching  for gymnastics of all ages and adult fitness training on cardio and resistive equipment including free weights,0.0,1.0,2026-03-05T00:00:00,1199680,True,1,AR24,2023-08-31T00:00:00,1724976000000,2025-06-30T00:00:00,2025-06-08T00:00:00,247052,229323,,,,,,0.0,,0.0,,0.0,,,0.0,,0.0,0.0,0.0,0.0,0.0,0.0,,,,,,,,,,,,,,,,,,8.0,['Cheshire East'],['Local Authority'],Local,q4
2026-02-13T00:00:00,5057745,1160449,0,SOUND FOUNDATION COMMUNITY CARE,Charitable company,Registered,2015-02-11T00:00:00,,Submission Received,2023-10-01T00:00:00,2024-09-30T00:00:00,158824.0,214517.0,THE SOUND TRAINING CENTRE,BULLS QUARRIES ROAD,TYTHERINGTON,FROME,SOMERSET,,07789852296,contact@soundfoundationcommunitycare.com,www.soundfoundationcommunitycare.com,09400037,False,False,0.0,,0.0,0.0,,"Sound Foundation Community Care sponsors events and activities that promote and support the sound health and wellbeing across 6 key priority areas in the community: Health and Wellbeing, Sound Healing, Aged Care, Youth, Education, Groups experiencing social and/or economic disadvantage.",1.0,1.0,2026-03-05T00:00:00,1160449,True,1,AR24,2023-10-01T00:00:00,1727654400000,2025-07-30T00:00:00,2025-07-22T00:00:00,158824,214517,,,,,,0.0,,0.0,,0.0,,,0.0,,0.0,0.0,0.0,0.0,0.0,,,,,,,,,,,,,,,,,,,18.0,['Somerset'],['Local Authority'],Local,q4
2026-02-13T00:00:00,3955499,1073315,0,RUGBY YOUTH FOR CHRIST,Other,Registered,1999-01-14T00:00:00,,Submission Received,2024-04-06T00:00:00,2025-04-05T00:00:00,98809.0,126242.0,Rugby Youth for Christ,41-43 Temple Street,RUGBY,Warwickshire,,CV21 3TB,01788567475,office@rugby.yfc.co.uk,rugby.yfc.co.uk,,False,False,0.0,,0.0,0.0,,"schools work, including; Chaplaincy, Mentoring RE and PSHE lessons, school assembliesyouth clubs, church events",1.0,0.0,2026-03-05T00:00:00,1073315,True,1,AR25,2024-04-06T00:00:00,1743811200000,2026-02-05T00:00:00,2026-02-03T00:00:00,98809,126242,,,,,,0.0,,0.0,,0.0,,,0.0,,0.0,0.0,0.0,0.0,0.0,0.0,,,,,,,,,,,,,,,,,,6.0,['Warwickshire'],['Local Authority'],Local,q4
2026-02-13T00:00:00,5002406,1129800,0,KFCA,Charitable company,Registered,2009-05-21T00:00:00,,Submission Received,2024-04-01T00:00:00,2025-03-31T00:00:00,251558.0,222846.0,Kensington Fields Community Centre,Hall Lane,Kensington,LIVERPOOL,,L7 8TQ,01517089107,kfcasue@talk21.com,http://home.btconnect.com/kfca/,06598731,False,False,0.0,,0.0,0.0,,We deliver life long learning opportunities and youth activities to the local community as well as facilitating meetings for e.g. Liverpool City Council and Merseyside Police etc. We also run a community handyperson/outreach programme.,0.0,1.0,2026-03-05T00:00:00,1129800,True,1,AR25,2024-04-01T00:00:00,1743379200000,2026-01-31T00:00:00,2026-01-22T00:00:00,251558,222846,,,,,,0.0,,1.0,,4.0,9277.0,9277.0,0.0,,0.0,0.0,0.0,0.0,0.0,0.0,,,,,,,,,,,,,,,,,,2.0,['Liverpool City'],['Local Authority'],Local,q4
2026-02-13T00:00:00,5031180,1149162,0,CHRISTCHURCH COMMUNITY PARTNERSHIP LTD,Charitable company,Registered,2012-10-01T00:00:00,,Submission Received,2024-04-01T00:00:00,2025-03-31T00:00:00,175804.0,180575.0,43B Barrack Road,CHRISTCHURCH,,,,BH23 1PA,01202989632,contact@ccpartnership.org.uk,www.christchurchcommunitypartnership.org.uk,07485083,False,False,0.0,,0.0,0.0,,"The Christchurch Community Partnership was established to improve the economic, social and environmental well-being and the quality of life of those people who live in, work in and visit Christchurch.",1.0,0.0,2026-03-05T00:00:00,1149162,True,1,AR25,2024-04-01T00:00:00,1743379200000,2026-01-31T00:00:00,2026-01-28T00:00:00,175804,180575,,,,,,0.0,,0.0,,4.0,,18516.0,0.0,,0.0,0.0,0.0,0.0,1.0,0.0,,,,,,,,,,,,,,,,,,70.0,['Dorset'],['Local Authority'],Local,q4
2026-02-13T00:00:00,1019340,1019340,0,1ST PRIORSLEE AND ST GEORGES SCOUT GROUP,Other,Registered,1993-03-29T00:00:00,,Submission Received,2024-04-01T00:00:00,2025-03-31T00:00:00,106065.0,59013.0,36 Highgrove Meadows,Priorslee,Telford,,,TF2 9RJ,01952210631,,www.1stpriorslee-stgeorges-scoutgroup.co.uk,,False,False,0.0,,0.0,0.0,,"SCOUTING ACTIVITIES FOR SQUIRRELS, BEAVERS, CUBS AND SCOUTS",1.0,1.0,2026-03-05T00:00:00,1019340,True,1,AR25,2024-04-01T00:00:00,1743379200000,2026-01-31T00:00:00,2026-01-27T00:00:00,106065,59013,,,,,,0.0,,0.0,,0.0,,,0.0,,0.0,0.0,0.0,0.0,0.0,,,,,,,,,,,,,,,,,,,45.0,['Telford & Wrekin'],['Local Authority'],Local,q4
2026-02-13T00:00:00,268379,268379,0,THE ABBEYFIELD BURNHAM AND HIGHBRIDGE SOCIETY LIMITED,Charitable company,Registered,1974-10-25T00:00:00,,Submission Received Late,2023-10-01T00:00:00,2024-09-30T00:00:00,110783.0,232068.0,Abbeyfield Society,15 Berrow Road,BURNHAM-ON-SEA,Somerset,,TA8 2EX,01278787359,abbeyfieldburnham@gmail.com,,01182566,False,False,0.0,,0.0,0.0,,SHELTERED HOUSING FOR ELDERLY PERSONS,0.0,1.0,2026-03-05T00:00:00,268379,True,1,AR24,2023-10-01T00:00:00,1727654400000,2025-07-30T00:00:00,2025-09-15T00:00:00,110783,232068,,,,,,0.0,,0.0,,0.0,,,0.0,,0.0,0.0,0.0,0.0,0.0,0.0,,,,,,,,,,,,,,,,,,0.0,['Somerset'],['Local Authority'],Local,q4
2026-02-13T00:00:00,205894,205894,0,THE SANDWICH UNITED CHARITY,Other,Registered,1962-09-22T00:00:00,,Submission Received,2024-01-01T00:00:00,2024-12-31T00:00:00,221740.0,207495.0,SANDWICH UNITED CHARITY,19/21 CATTLE MARKET,,SANDWICH,KENT,CT13 9AP,01304611717,sandwichunitedcharity@outlook.com,,,False,False,0.0,,0.0,0.0,,"The charity provides and maintains almshouses and a chapel, within a conservation area, in the town of Sandwich. The almshouses are allocated to needy and predominantly elderly people residing in Sandwich or the adjoining parishes of Worth, Eastry, Woodnesborough and Ash. The chapel is used as a place of worship for residents and the local community.",0.0,1.0,2026-03-05T00:00:00,205894,True,1,AR24,2024-01-01T00:00:00,1735603200000,2025-10-31T00:00:00,2025-06-11T00:00:00,221740,207495,,,,,,0.0,,0.0,,0.0,,,0.0,,0.0,0.0,0.0,0.0,0.0,0.0,,,,,,,,,,,,,,,,,,0.0,['Kent'],['Local Authority'],Local,q4
2026-02-13T00:00:00,5073271,1167525,0,DESTINY LIFE CHURCH LTD,Charitable company,Registered,2016-06-07T00:00:00,,Submission Received,2024-04-01T00:00:00,2025-03-31T00:00:00,143079.0,122457.0,Destiny Life Church,25A Elliott Road,West Howe Industrial Estate,BOURNEMOUTH,,BH11 8LQ,07788286102,hello@destinylifechurch.org.uk,www.destinylifechurch.org.uk,05516571,False,False,0.0,,0.0,0.0,,"The advancement of the Christian Faith through our Sunday services, Connect Groups and outreach opportunities.  Our children's church work has grown.   We support missions by regularly giving each month to their work.  We run a weekly Bible study group . Our discipleship course that we are working through as a church is on being emotionally and spiritually healthy.",1.0,1.0,2026-03-05T00:00:00,1167525,True,1,AR25,2024-04-01T00:00:00,1743379200000,2026-01-31T00:00:00,2026-01-26T00:00:00,143079,122457,,,,,,0.0,,0.0,,0.0,,,0.0,,1.0,0.0,0.0,1.0,0.0,0.0,,,,,,,,,,,,,,,,,,35.0,"['Dorset', 'Bournemouth', 'Poole']",['Local Authority'],Local,q4
2026-02-13T00:00:00,306676,306676,0,ST JOHN'S HOSPITAL EDUCATIONAL FOUNDATION,Other,Registered,1962-09-13T00:00:00,,Submission Received,2024-01-01T00:00:00,2024-12-31T00:00:00,116134.0,126041.0,P K F Francis Clark,Centenary House,Peninsula Park,Rydon Lane,EXETER,EX2 7XE,01392667000,,,,False,False,0.0,,0.0,0.0,,General Fund - to pay set amounts to predetermined beneficiariesSpecial Fund - -education of persons under the age of 25 who have at any time attended as pupils of a secondary school in Exeter-maintenance and improvement of any Voluntary Aided C of E School in the City of Exeter-providing C of E Schools in the City of Exeter benefits not normally provided by the LEA,0.0,1.0,2026-03-05T00:00:00,306676,True,1,AR24,2024-01-01T00:00:00,1735603200000,2025-10-31T00:00:00,2025-10-15T00:00:00,116134,126041,,,,,,1.0,,0.0,,0.0,,,0.0,,0.0,0.0,0.0,0.0,0.0,,,,,,,,,,,,,,,,,,,0.0,['Devon'],['Local Authority'],Local,q4
2026-02-13T00:00:00,5045530,1161112,0,AMI COMMUNITY AID,Other,Registered,2015-03-30T00:00:00,,Submission Received,2023-11-01T00:00:00,2024-10-31T00:00:00,96977.0,95742.0,Flat 1,Leicester Court,Upper Park Road,Salford,,M7 4HL,07913543422,amicommunityaid@gmail.com,www.amicommunityaid.co.uk,09290485,False,False,0.0,,0.0,0.0,,"The relief of Poverty, particularly of members of Jewish communities, living or working in Greater Manchester or Cheshire, by providing such persons with vouchers exchangeable for food, or basic household goods, which they could not otherwise afford through lack of means.Any other charitable activity under the law of England and Wales as the trustees see fit.",0.0,0.0,2026-03-05T00:00:00,1161112,True,1,AR24,2023-11-01T00:00:00,1730332800000,2025-08-31T00:00:00,2025-08-08T00:00:00,96977,95742,,,,,,1.0,,0.0,,1.0,,19970.0,0.0,,0.0,0.0,0.0,0.0,0.0,,,,,,,,,,,,,,,,,,,2.0,"['Bury', 'Manchester City', 'Salford City', 'Cheshire East', 'Cheshire West & Chester']",['Local Authority'],Local,q4
2026-02-13T00:00:00,1037321,1037321,0,KING GEORGE V PLAYGROUP,Other,Registered,1994-05-09T00:00:00,,Submission Received,2023-09-01T00:00:00,2024-08-31T00:00:00,121172.0,128953.0,82 Brayfield Road,Littleover,Derby,Derby,,DE23 6GT,07889347885,mail@kinggeorgevpreschool.com,www.kinggeorgevpreschool.com,,False,False,0.0,,0.0,0.0,,Pre school activity and learning.,0.0,0.0,2026-03-05T00:00:00,1037321,True,1,AR24,2023-09-01T00:00:00,1725062400000,2025-06-30T00:00:00,2025-06-19T00:00:00,121172,128953,,,,,,1.0,,1.0,,0.0,100537.0,,0.0,,1.0,0.0,1.0,0.0,0.0,0.0,,,,,,,,,,,,,,,,,,0.0,['Derby City'],['Local Authority'],Local,q4
2026-02-13T00:00:00,5039627,1154928,0,BRITISH SARCOMA GROUP,CIO,Registered,2013-12-08T00:00:00,,Submission Received,2024-04-01T00:00:00,2025-03-31T00:00:00,184451.0,103469.0,Unit 14 The Stottie Shed,Baker's Yard,Christon Road,NEWCASTLE UPON TYNE,,NE3 1XD,01912442581,,www.britishsarcomagroup.org.uk,,False,False,0.0,,1.0,0.0,,Provide best practice info in treatmentAnnual eventScientific meetingsGuidelines & service standardsNHS representation through responses & advisory group membershipProjects to improve healthcare & treatmentInform professionals about researchProvide info & training to medical professionalsWork with professionals & patients to develop joint educational initiatives & raise awareness,0.0,0.0,2026-03-05T00:00:00,1154928,True,1,AR25,2024-04-01T00:00:00,1743379200000,2026-01-31T00:00:00,2025-11-26T00:00:00,184451,103469,,,,,,0.0,,0.0,,0.0,,,0.0,,0.0,0.0,0.0,0.0,0.0,,,,,,,,,,,,,,,,,,,0.0,"['Scotland', 'Northern Ireland']",['Country'],National,q4
2026-02-13T00:00:00,5155115,1188269,0,THE MARIAN CONSORT,CIO,Registered,2020-03-02T00:00:00,,Submission Received,2023-09-01T00:00:00,2024-08-31T00:00:00,288644.0,308227.0,25 Sherrards Way,BARNET,,,,EN5 2BW,07557219527,contact@marianconsort.co.uk,https://www.marianconsort.co.uk/,,False,False,0.0,,1.0,0.0,,"Promoting the arts, particularly music, through the presentation of public recitals and concerts.",1.0,0.0,2026-03-05T00:00:00,1188269,True,1,AR24,2023-09-01T00:00:00,1725062400000,2025-06-30T00:00:00,2025-06-17T00:00:00,288644,308227,,,,,,0.0,,0.0,,0.0,,,0.0,,0.0,0.0,0.0,0.0,0.0,0.0,,,,,,,,,,,,,,,,,,0.0,"['Throughout England And Wales', 'Scotland', 'Estonia', 'Poland', 'Germany', 'Spain', 'Japan', 'Croatia', 'Finland', 'United States', 'Canada']","['Region', 'Country']",National,q4
2026-02-13T00:00:00,222410,222410,0,THE ROYAL MUSICAL ASSOCIATION,Charitable company,Registered,1965-10-11T00:00:00,,Submission Received,2024-01-01T00:00:00,2024-12-31T00:00:00,145838.0,137130.0,9 PATTERSON AVENUE,MANCHESTER,,,,M21 9NB,01618617542,exec@rma.ac.uk,http://www.rma.ac.uk,00081327,False,False,0.0,,0.0,0.0,,"The charity publishes the Journal of the Royal Musical Association half-yearly and annually the RMA Research Chronicle and RMA Monograph series. It organises and supports conferences concerning musicological matters and recognises the achievement of excellence in musical scholarship by the annual award of the Dent Medal, the Tippett Medal, the Jerome Roche Prize, and the Peter Le Huray Lecture.",1.0,0.0,2026-03-05T00:00:00,222410,True,1,AR24,2024-01-01T00:00:00,1735603200000,2025-10-31T00:00:00,2025-10-21T00:00:00,145838,137130,,,,,,0.0,,0.0,,0.0,,,0.0,,0.0,0.0,0.0,0.0,0.0,,,,,,,,,,,,,,,,,,,12.0,"['Throughout England And Wales', 'Scotland', 'Northern Ireland']","['Region', 'Country']",National,q4
2026-02-13T00:00:00,3985858,1091717,0,GREAT DANE ADOPTION SOCIETY,Other,Registered,2002-04-23T00:00:00,,Submission Received,2023-07-01T00:00:00,2024-06-30T00:00:00,74291.0,81602.0,Dexter &amp; Sharpe Accountants,The Old Vicarage,Church Close,BOSTON,Lincolnshire,PE21 6NA,01205 311966,Boston@dextersharpe.co.uk,,,False,False,0.0,,0.0,0.0,,"The objectives of the Great Dane Adoption Society are to relieve the suffering and distress of dogs, in particular the breed known as Great Danes, who are in need of attention by reason of homelessness, by the provision of temporary shelter, veterinary treatment and by finding permanent homes for such dogs.",1.0,1.0,2026-03-05T00:00:00,1091717,True,1,AR25,2024-07-01T00:00:00,1751241600000,2026-04-30T00:00:00,2026-02-16T00:00:00,157934,56336,,,,,,0.0,,0.0,,0.0,,,0.0,,0.0,0.0,0.0,0.0,0.0,,,,,,,,,,,,,,,,,,,5.0,"['Throughout England And Wales', 'Scotland', 'Northern Ireland']","['Region', 'Country']",National,q4
2026-02-13T00:00:00,313317,313317,0,THE DALCROZE SOCIETY UK (INC.),Charitable company,Registered,1965-03-01T00:00:00,,Submission Received,2023-10-01T00:00:00,2024-09-30T00:00:00,127215.0,181764.0,INTERNATIONAL HOUSE,61 Mosley Street,Manchester,,,M2 3HZ,07383026476,admin@dalcroze.org.uk,www.dalcroze.org.uk,00212851,False,False,0.0,,0.0,0.0,,"To promote the teaching, study, practice and knowledge of music generally and in particular according to the methods of Emile Jaques-Dalcroze commonly known as Dalcroze Eurhythmics.",0.0,0.0,2026-03-05T00:00:00,313317,True,1,AR24,2023-10-01T00:00:00,1727654400000,2025-07-30T00:00:00,2025-07-16T00:00:00,127215,181764,,,,,,0.0,,0.0,,0.0,,,0.0,,1.0,0.0,1.0,0.0,0.0,0.0,,,,,,,,,,,,,,,,,,1.0,"['Throughout England And Wales', 'Scotland']","['Region', 'Country']",National,q4
2026-02-13T00:00:00,5124391,1181623,0,BRITISH SOCIETY OF ENDOVASCULAR THERAPY,CIO,Registered,2019-01-18T00:00:00,,Submission Received,2024-02-01T00:00:00,2025-01-31T00:00:00,234513.0,165326.0,B S E T,PO Box 316,PAR,,,PL25 9GH,07943045356,office@bset.co.uk,www.bset.co.uk,,False,False,0.0,,1.0,0.0,,"To advance health by promoting scientific research, education and training in endovascular treatment and procedures; and To advance the education of the public and particularly amongst health professionals in endovascular treatment and procedures",0.0,0.0,2026-03-05T00:00:00,1181623,True,1,AR25,2024-02-01T00:00:00,1738281600000,2025-11-30T00:00:00,2025-07-31T00:00:00,234513,165326,,,,,,0.0,,0.0,,0.0,,,0.0,,0.0,0.0,0.0,0.0,0.0,0.0,,,,,,,,,,,,,,,,,,0.0,"['Scotland', 'Northern Ireland', 'Throughout England And Wales']","['Country', 'Region']",National,q4
2026-02-13T00:00:00,5234444,1208230,0,LIVING LEADERSHIP MINISTRIES,CIO,Registered,2024-05-13T00:00:00,,Submission Received,2024-05-13T00:00:00,2025-04-05T00:00:00,205344.0,47926.0,2 ST. ANDREWS DRIVE,ORPINGTON,,,,BR5 2BA,01689487393,info@livingleadership.org,www.livingleadership.org,,False,False,0.0,,1.0,0.0,,Encouraging leaders & leaders' spouses to live joyfully in Christ and serve him faithfully,1.0,0.0,2026-03-05T00:00:00,1208230,True,1,AR25,2024-05-13T00:00:00,1743811200000,2026-02-05T00:00:00,2026-01-19T00:00:00,205344,47926,,,,,,0.0,,0.0,,0.0,,,0.0,,0.0,0.0,0.0,0.0,0.0,0.0,,,,,,,,,,,,,,,,,,40.0,"['Throughout England And Wales', 'Scotland', 'Northern Ireland', 'Ireland']","['Region', 'Country']",National,q4
2026-02-13T00:00:00,5190518,1197551,0,OUR SECOND HOME,CIO,Registered,2022-01-18T00:00:00,,Submission Received Late,2024-01-01T00:00:00,2024-12-31T00:00:00,245239.0,232866.0,OUR SECOND HOME,c/o Noam Masorti Youth,ALEXANDER HOUSE,3 SHAKESPEARE ROAD,LONDON,N3 1XE,07906481402,info@oursecondhome.org.uk,www.oursecondhome.org.uk,,False,False,0.0,,1.0,0.0,,Youth activities - in particular residential programmes and leadership training - for refugees and people seeking asylum in the UK.,1.0,0.0,2026-03-05T00:00:00,1197551,True,1,AR24,2024-01-01T00:00:00,1735603200000,2025-10-31T00:00:00,2025-10-24T00:00:00,245239,232866,,,,,,0.0,,0.0,,0.0,,,0.0,,0.0,0.0,0.0,0.0,0.0,0.0,,,,,,,,,,,,,,,,,,80.0,"['Throughout England', 'Scotland']","['Region', 'Country']",National,q4
2026-02-13T00:00:00,1033666,1033666,0,BRITISH TROLLEYBUS SOCIETY,Other,Registered,1994-02-24T00:00:00,,Submission Received,2024-04-01T00:00:00,2025-03-31T00:00:00,98373.0,49072.0,8 Glan Llyn,Ffordd Caergybi,LLANFAIRPWLLGWYNGYLL,Isle of Anglesey,Gwynedd,LL61 5YX,07803 968272,secretary@britishtrolley.org.uk,www.britishtrolley.org.uk,,False,False,0.0,,0.0,0.0,,Educating the public at large as to the operation and historic interest of the trolleybus by(a)  Maintaining and restoring the Society's historic trolleybus collection(b)  Supporting the Trolleybus Museum at Sandtoft(c)  Publishing a monthly journal about the Society and trolleybuses(d)  Publishing books about the trolleybus,1.0,1.0,2026-03-05T00:00:00,1033666,True,1,AR25,2024-04-01T00:00:00,1743379200000,2026-01-31T00:00:00,2026-01-20T00:00:00,98373,49072,,,,,,0.0,,0.0,,0.0,,,0.0,,0.0,0.0,0.0,0.0,0.0,,,,,,,,,,,,,,,,,,,12.0,"['Throughout England And Wales', 'Scotland', 'Northern Ireland']","['Region', 'Country']",National,q4
2026-02-13T00:00:00,1048842,1048842,0,ONEBODYONEFAITH LTD.,Charitable company,Registered,1995-08-24T00:00:00,,Submission Received,2023-11-01T00:00:00,2024-10-31T00:00:00,121339.0,125296.0,OneBodyOneFaith,15 Newland,LINCOLN,,,LN1 1XG,01636 673072,hello@onebodyonefaith.org.uk,www.onebodyonefaith.org.uk,03092197,False,False,0.0,,0.0,0.0,,"OneBodyOneFaith works for the full inclusion of gay, lesbian, bisexual and trans people in the Christian churches.  We  help churches to have intelligent and compassionate conversations about sexuality and gender identity, and we want individuals to be able to integrate their sexuality, gender identity and spirituality in ways which are bring the fullness of life promised in the Gospel of Jesus.",1.0,0.0,2026-03-05T00:00:00,1048842,True,1,AR24,2023-11-01T00:00:00,1730332800000,2025-08-31T00:00:00,2025-07-08T00:00:00,121339,125296,,,,,,0.0,,0.0,,0.0,,,0.0,,0.0,0.0,0.0,0.0,0.0,0.0,,,,,,,,,,,,,,,,,,5.0,"['Throughout England And Wales', 'Scotland', 'Northern Ireland']","['Region', 'Country']",National,q4
2026-02-13T00:00:00,234715,234715,0,KENNEDY MEMORIAL FUND,Other,Registered,1964-05-07T00:00:00,,Submission Received,2023-05-01T00:00:00,2024-04-30T00:00:00,292366.0,691526.0,"East Side, Kings Cross Station",LONDON,,,,N1C 4AX,02072221151,TIM@KENNEDYTRUST.ORG.UK,www.kennedytrust.org.uk,,False,False,0.0,,0.0,0.0,,"The Kennedy Memorial Trust administers the Kennedy Memorial Fund commemorating President John F. Kennedy by maintaining a memorial at Runnymede and awarding scholarships to British graduate students to attend Harvard University and the Massachusetts Institute of Technology. Each year the Trust provides graduate students with tuition fees, health cover, a stipend & travel grant.",1.0,0.0,2026-03-05T00:00:00,234715,True,1,AR25,2024-05-01T00:00:00,1745971200000,2026-02-28T00:00:00,2026-02-23T00:00:00,240897,697226,,,,,,0.0,,0.0,,0.0,,,0.0,,0.0,0.0,0.0,0.0,0.0,1.0,1.0,,,,,,,,,,,,,,,,,0.0,"['Throughout England And Wales', 'Scotland', 'Northern Ireland']","['Region', 'Country']",National,q4
2026-02-13T00:00:00,5210879,1203078,0,SINGLE FRIENDLY CHURCH NETWORK,CIO,Registered,2023-05-16T00:00:00,,Submission Received,2024-04-01T00:00:00,2025-03-31T00:00:00,122348.0,123048.0,Church House,86 TAVISTOCK PLACE,LONDON,,,WC1H 9RT,02030956249,info@singlefriendlychurch.com,https://www.singlefriendlychurch.com/,,False,False,0.0,,1.0,0.0,,Research into issues faced by single people. A 5-step audit for churches to identify areas for improvement. Facilitation of a network of churches sharing SFC objectives. Training sessions for churches and theological colleges. Webinars on topics relevant to work with single people. Resources for church leaders including pastoral guides. Resources to enrich the spiritual lives of single Christians.,0.0,0.0,2026-03-05T00:00:00,1203078,True,1,AR25,2024-04-01T00:00:00,1743379200000,2026-01-31T00:00:00,2025-10-28T00:00:00,122348,123048,,,,,,0.0,,0.0,,0.0,,,0.0,,0.0,0.0,0.0,0.0,0.0,0.0,,,,,,,,,,,,,,,,,,0.0,"['Throughout England And Wales', 'Scotland', 'Northern Ireland']","['Region', 'Country']",National,q4
2026-02-13T00:00:00,274042,274042,0,THE RICHARD LAWES FOUNDATION,Trust,Registered,1977-08-04T00:00:00,,Submission Received,2024-04-06T00:00:00,2025-04-05T00:00:00,221925.0,428621.0,Longhayes,Lowerdown,Bovey Tracey,Newton Abbot,,TQ13 9LF,07850126351,Bobbylawes@aol.com,,,False,False,0.0,,0.0,0.0,,"We are a grant making charity which supports appeals and not for profit organisations where donations will have a real and immediate impact.  We prefer smaller charitable institutions and specialised or local branches of larger charitable institutions. However, at present unsolicited applications are not being considered.",0.0,0.0,2026-03-05T00:00:00,274042,True,1,AR25,2024-04-06T00:00:00,1743811200000,2026-02-05T00:00:00,2025-10-17T00:00:00,221925,428621,,,,,,1.0,,0.0,,0.0,,,0.0,,0.0,0.0,0.0,0.0,0.0,,,,,,,,,,,,,,,,,,,0.0,"['Northern Ireland', 'Scotland', 'Throughout England And Wales']","['Country', 'Region']",National,q4
2026-02-13T00:00:00,258665,258665,0,THE T U U T CHARITABLE TRUST,Trust,Registered,1969-05-21T00:00:00,,Submission Received,2024-04-01T00:00:00,2025-03-31T00:00:00,105091.0,136181.0,The TUUT Charitable Trust,2nd Floor,Congress House,LONDON,,,02076377116,stephanie@tufm.co.uk,www.tufm.co.uk,,False,False,0.0,,0.0,0.0,,General charitable purposes.  Prefers organisations doing remarkable work with minimum spent on administration and those that spend contributions directly themselves.  Only supports UK registered charities.,0.0,0.0,2026-03-05T00:00:00,258665,True,1,AR25,2024-04-01T00:00:00,1743379200000,2026-01-31T00:00:00,2026-01-29T00:00:00,105091,136181,,,,,,1.0,,0.0,,0.0,,,1.0,1.0,0.0,0.0,0.0,0.0,0.0,0.0,,,,,,,,,,,,,,,,,,0.0,"['Throughout England And Wales', 'Scotland', 'Northern Ireland']","['Region', 'Country']",National,q4
2026-02-13T00:00:00,207292,207292,0,PROFESSIONALS AID COUNCIL,Charitable company,Registered,1962-09-22T00:00:00,,Submission Received,2024-01-01T00:00:00,2024-12-31T00:00:00,202100.0,443439.0,Professionals Aid Council,Canopi,82 Tanner Street,London,,SE1 3GN,02079350641,admin@professionalsaid.org.uk,www.professionalsaid.org.uk,00174262,False,False,0.0,,0.0,0.0,,101 General Charitable Purposes102 Education/Training104 Disability105 Relief of Poverty201 Children/Young People202 Elderly/Old People203 People with Disabilities301 Makes grants to individuals,1.0,1.0,2026-03-05T00:00:00,207292,True,1,AR24,2024-01-01T00:00:00,1735603200000,2025-10-31T00:00:00,2025-10-06T00:00:00,202100,443439,,,,,,1.0,,0.0,,0.0,,,0.0,,0.0,0.0,0.0,0.0,0.0,0.0,,,,,,,,,,,,,,,,,,7.0,"['Throughout England And Wales', 'Scotland', 'Northern Ireland']","['Region', 'Country']",National,q4
2026-02-13T00:00:00,291405,291405,0,ROYAL INSTITUTE OF PAINTERS IN WATER COLOURS,Other,Registered,1985-03-20T00:00:00,,Submission Received,2024-01-01T00:00:00,2024-12-31T00:00:00,99388.0,95057.0,13 Coal Barton,Coleford,Radstock,,,BA3 5PF ,01373 812956,parfittart@aol.com,www.royalinstituteofpaintersinwatercolours.org,,False,False,0.0,,0.0,0.0,,"The objectives of the RI are for the advancement of the aesthetic education of the public by the promotion of the fine arts and in particular the art of painting in watercolours. (These objectives are mainly realised through an annual exhibition. This year was the 209th and held at the Mall Galleries, London).",0.0,0.0,2026-03-05T00:00:00,291405,True,1,AR24,2024-01-01T00:00:00,1735603200000,2025-10-31T00:00:00,2025-09-06T00:00:00,99388,95057,,,,,,0.0,,0.0,,0.0,,,0.0,,0.0,0.0,0.0,0.0,0.0,,,,,,,,,,,,,,,,,,,13.0,['Throughout England And Wales'],['Region'],Regional,q4
2026-02-13T00:00:00,3995384,1096638,0,CELESTIAL CHURCH OF CHRIST - HOLY SAVIOURS,Charitable company,Registered,2003-03-21T00:00:00,,Submission Received,2023-08-01T00:00:00,2024-07-31T00:00:00,97901.0,58782.0,C C C HOLY SAVIOURS,1075 HIGH ROAD,ROMFORD,,,RM6 4AU,07985533344,cccholysaviour@hotmail.co.uk,https://cccholysaviourparish.co.uk,04496485,False,False,0.0,,0.0,0.0,,Religious,1.0,1.0,2026-03-05T00:00:00,1096638,True,1,AR24,2023-08-01T00:00:00,1722384000000,2025-05-31T00:00:00,2025-04-23T00:00:00,97901,58782,,,,,,0.0,,0.0,,0.0,,,0.0,,1.0,0.0,1.0,0.0,0.0,0.0,,,,,,,,,,,,,,,,,,5.0,['Throughout England And Wales'],['Region'],Regional,q4
2026-02-13T00:00:00,5232513,1209136,0,BEMOREFAB CHILDREN'S CANCER CHARITY,CIO,Registered,2024-07-16T00:00:00,,Submission Received,2024-07-16T00:00:00,2025-05-31T00:00:00,211038.0,39741.0,Bemorefab Children's Cancer Charity,Corby Enterprise Centre,"London Road, Priors Hall",Corby,Northants,NN17 5EU,07872909512,contact@bemorefab.co.uk,www.bemorefab.co.uk,,False,False,0.0,,1.0,0.0,,"BeMoreFab Childrens Cancer Charity supports children with cancer and their families in Northamptonshire through practical aid, educational tutoring, and community connection to prevent isolation. We raise awareness of childhood cancer symptoms for earlier diagnosis and improve quality of life by fostering resilience, understanding, and access to vital resources.",,0.0,2026-03-05T00:00:00,1209136,True,1,AR25,2024-07-16T00:00:00,1748649600000,2026-03-31T00:00:00,2025-11-20T00:00:00,211038,39741,,,,,,0.0,,0.0,,0.0,,,0.0,,0.0,0.0,0.0,0.0,1.0,0.0,,,,,,,,,,,,,,,,,,60.0,['Throughout England'],['Region'],Regional,q4
2026-02-13T00:00:00,5204052,1200130,0,PARK LANE NURSERY,CIO,Registered,2022-08-19T00:00:00,,Submission Received,2024-09-01T00:00:00,2025-08-31T00:00:00,226291.0,232706.0,PARK LANE,PETERBOROUGH,,,,PE1 5JW,01733560708,parklanenursery60@gmail.com,www.parklanenursery.com,,False,False,0.0,,1.0,0.0,,Park Lane Nursery pre-school provides learning and development for children aged between 2 years 6 months and 4 years 11 months.  We  are open for 10 sessions per week - Mon-Fri 8.30am-11.30am / 12.00pm-3.00pm and9.00am -3.00pm.,0.0,1.0,2026-03-05T00:00:00,1200130,True,1,AR25,2024-09-01T00:00:00,1756598400000,2026-06-30T00:00:00,2025-11-07T00:00:00,226291,232706,,,,,,0.0,,0.0,,1.0,,217267.0,0.0,,1.0,0.0,0.0,0.0,0.0,0.0,,,,,,,,,,,,,,,,,,0.0,['Throughout England'],['Region'],Regional,q4
2026-02-13T00:00:00,5113816,1177351,0,BREAKTHROUGH PRAYER CHAPEL INTERNATIONAL,Other,Registered,2018-02-27T00:00:00,,Submission Received,2024-04-01T00:00:00,2025-03-31T00:00:00,123938.0,154082.0,61 Hawthorn Avenue,ANDOVER,Hampshire,,,SP11 6YU,07796710314,prempeh55@yahoo.com,,,False,False,0.0,,0.0,0.0,,"A Christian group which meet on every Friday and Sunday to worship, praise, learn about God. We believe in prayer, the Holy Ghost baptism, laying on of hands and preaching the pure Word of God.",0.0,0.0,2026-03-05T00:00:00,1177351,True,1,AR25,2024-04-01T00:00:00,1743379200000,2026-01-31T00:00:00,2025-08-08T00:00:00,123938,154082,,,,,,0.0,,0.0,,0.0,,,0.0,,0.0,0.0,0.0,0.0,0.0,0.0,,,,,,,,,,,,,,,,,,10.0,['Throughout England And Wales'],['Region'],Regional,q4
2026-02-13T00:00:00,5145817,1187565,0,MITRASEVA,Charitable company,Registered,2020-01-24T00:00:00,,Submission Received Late,2023-05-01T00:00:00,2024-04-30T00:00:00,97017.0,80083.0,78 MOUNT STEWART AVENUE,HARROW,,,,HA3 0JY,07539819931,admin@mitraseva.uk,www.mitraseva.uk,11645358,False,False,0.0,,0.0,0.0,,Social and cultural events catering to the needs of Indian community in the London and neighbouring areas.,1.0,0.0,2026-03-05T00:00:00,1187565,True,1,AR24,2023-05-01T00:00:00,1714435200000,2025-02-28T00:00:00,2025-02-28T00:00:00,97017,80083,,,,,,0.0,,0.0,,0.0,,,0.0,,0.0,0.0,0.0,0.0,0.0,,,,,,,,,,,,,,,,,,,0.0,['Throughout England'],['Region'],Regional,q4
2026-02-13T00:00:00,4005616,1101812,0,THE ETHICAL PROPERTY FOUNDATION,Charitable company,Registered,2004-01-29T00:00:00,,Submission Received,2023-10-01T00:00:00,2024-09-30T00:00:00,239298.0,237345.0,Ethical Property Foundation,70 Cowcross Street,LONDON,,,EC1M 6EJ,01923378603,mail@ethicalproperty.org.uk,www.propertyhelp.org,04756158,False,False,0.0,,0.0,0.0,,"We support charitable organisations and community groups to manage their premises effectively, whether rented or owned, through expert property advice, education, consultancy and research.",1.0,0.0,2026-03-05T00:00:00,1101812,True,1,AR24,2023-10-01T00:00:00,1727654400000,2025-07-30T00:00:00,2025-07-22T00:00:00,239298,237345,,,,,,0.0,,0.0,,0.0,,,0.0,,0.0,0.0,0.0,0.0,0.0,0.0,,,,,,,,,,,,,,,,,,10.0,['Throughout England And Wales'],['Region'],Regional,q4
2026-02-13T00:00:00,3078864,1062970,0,THE GILBERT AND SULLIVAN SOCIETY,Other,Registered,1997-06-20T00:00:00,,Submission Received,2024-04-01T00:00:00,2025-03-31T00:00:00,211086.0,55151.0,Barataria,,42,Avenue Road,Erith,Kent,01322838298,sangaz@aol.com,www.gilbertandsullivansociety.org.uk,,False,False,0.0,,0.0,0.0,,The society organises events throughout the year to promote greater knowledge of the works of Gilbert and Sullivan to members and the public in general. We provide an up to date Gilbert and Sullivan library at the Barbican in London and publish the Gilbert and Sullivan news three times a year. The society also makes occasional grants to similar organisations.,1.0,0.0,2026-03-05T00:00:00,1062970,True,1,AR25,2024-04-01T00:00:00,1743379200000,2026-01-31T00:00:00,2026-01-12T00:00:00,211086,55151,,,,,,0.0,,0.0,,0.0,,,0.0,,0.0,0.0,0.0,0.0,0.0,,,,,,,,,,,,,,,,,,,0.0,['Throughout England And Wales'],['Region'],Regional,q4
2026-02-13T00:00:00,5091776,1170263,0,MANCHESTER CITY MISSION,CIO,Registered,2016-11-18T00:00:00,,Submission Received,2024-01-01T00:00:00,2024-12-31T00:00:00,177849.0,275191.0,Unit 117,Salford Innovation Forum,51 Frederick Road,SALFORD,,M6 6FP,01617433511,mancitmis@aol.com,www.citymission.org.uk,,False,False,0.0,,1.0,0.0,,"SHARING THE GOSPEL OF CHRIST THROUGH TRAINING, PRISON VISITATION, STREET WORK  AND CHAPLAINCY.   SHARING THE LOVE OF CHRIST BY GIVING PHYSICAL, EMOTIONAL AND SPIRITUAL SUPPORT VIA OUR NEXT STAGE HOUSING PROJECT.   BRINGING THE HOPE OF CHRIST INTO THE LIVES OF STRUGGLING FAMILIES WHO USE OUR FAMILY FOOD FAYRE CLUB.",1.0,1.0,2026-03-05T00:00:00,1170263,True,1,AR24,2024-01-01T00:00:00,1735603200000,2025-10-31T00:00:00,2025-07-11T00:00:00,177849,275191,,,,,,0.0,,0.0,,2.0,,5000.0,0.0,,0.0,0.0,0.0,0.0,0.0,0.0,,,,,,,,,,,,,,,,,,25.0,['Throughout England And Wales'],['Region'],Regional,q4
2026-02-13T00:00:00,5165175,1192014,0,INDEPENDENT CHILDREN AND FAMILIES SERVICES,CIO,Registered,2020-10-27T00:00:00,,Submission Received,2024-04-06T00:00:00,2025-04-05T00:00:00,124827.0,135776.0,Park Lane Centre,Park Lane,BRADFORD,,,BD5 0LN,01274315901,MOHAMMED@ICAFS.ORG.UK,www.icafs.org.uk,,False,False,0.0,,1.0,0.0,,We are a social welfare benefits charity that helps the most vulnerable members of the West Yorkshire community to help them to address their economic needs.  This will will mean we engage with the community to provide welfare benefits advice and refer the appropriate members of the community to seek professional financial advice concerning any debts or physical help to address their needs.,0.0,0.0,2026-03-05T00:00:00,1192014,True,1,AR25,2024-04-06T00:00:00,1743811200000,2026-02-05T00:00:00,2026-02-02T00:00:00,124827,135776,,,,,,0.0,,2.0,,0.0,42831.0,,0.0,,0.0,0.0,0.0,0.0,0.0,0.0,,,,,,,,,,,,,,,,,,4.0,['Throughout England'],['Region'],Regional,q4
2026-02-13T00:00:00,5030495,1148687,0,YOUTH FOCUS WEST MIDLANDS,Charitable company,Registered,2012-08-23T00:00:00,,Submission Received,2024-04-01T00:00:00,2025-03-31T00:00:00,141177.0,146126.0,Severn House,32 Ombersley Street West,,DROITWICH,Worcestershire,WR9 8QZ,07791557907,info@yfwm.org.uk,www.yfwm.org.uk,08114745,False,False,0.0,,0.0,0.0,,The Charity operates across the West Midlands providing support to local youth services to deliver direct services to young people in their communities,0.0,0.0,2026-03-05T00:00:00,1148687,True,1,AR25,2024-04-01T00:00:00,1743379200000,2026-01-31T00:00:00,2025-12-04T00:00:00,141177,146126,,,,,,0.0,,0.0,,4.0,,93897.0,0.0,,0.0,0.0,0.0,0.0,0.0,0.0,,,,,,,,,,,,,,,,,,1.0,['Throughout England'],['Region'],Regional,q4
2026-02-13T00:00:00,5169833,1195093,0,Braunston Preschool CIO,CIO,Registered,2021-07-08T00:00:00,,Submission Received,2023-09-01T00:00:00,2024-08-31T00:00:00,113128.0,119889.0,Braunston Village Hall,The Green,Braunston,DAVENTRY,,NN11 7HW,01788891891,braunstonpreschool@googlemail.com,www.braunstonpreschool.org.uk,,False,False,0.0,,1.0,0.0,,Preschool - Providing Early Years education to 2 - 4 year olds.,0.0,0.0,2026-03-05T00:00:00,1195093,True,1,AR24,2023-09-01T00:00:00,1725062400000,2025-06-30T00:00:00,2025-06-05T00:00:00,113128,119889,,,,,,0.0,,1.0,,0.0,104585.0,,0.0,,0.0,0.0,0.0,0.0,0.0,0.0,,,,,,,,,,,,,,,,,,10.0,['Throughout England'],['Region'],Regional,q4
2026-02-13T00:00:00,5032191,1151762,0,CITY HEALTH CARE PARTNERSHIP FOUNDATION,Charitable company,Registered,2013-04-25T00:00:00,,Submission Received,2024-04-01T00:00:00,2025-03-31T00:00:00,182400.0,319091.0,City Health Care Partnership CIC,5 Beacon Way,HULL,,,HU3 4AE,01482976921,chcp.foundation@nhs.net,http://chcpfoundation.chcpcic.org.uk,08242250,False,False,0.0,,0.0,0.0,,The Foundation's objective is to promote and support health and wellbeing within the communities in which City Health Care Partnership CIC operates.The Foundation gives small grants to local community and voluntary groups in the areas where City Health Care Partnership CIC (CHCP CIC) provides services.,0.0,0.0,2026-03-05T00:00:00,1151762,True,1,AR25,2024-04-01T00:00:00,1743379200000,2026-01-31T00:00:00,2026-01-19T00:00:00,182400,319091,,,,,,1.0,,0.0,,0.0,,,0.0,,0.0,0.0,0.0,0.0,0.0,,,,,,,,,,,,,,,,,,,0.0,['Throughout England And Wales'],['Region'],Regional,q4
2026-02-13T00:00:00,3954417,1071115,0,THE DANDY CHARITABLE TRUST,Trust,Registered,1998-08-19T00:00:00,,Submission Received,2024-07-01T00:00:00,2025-06-30T00:00:00,139238.0,25350.0,HUNTLEYS,BROADFORD BRIDGE ROAD,WEST CHILTINGTON,PULBOROUGH,,RH20 2LD,02034897297,jedonovan56@gmail.com,,,False,False,0.0,,0.0,0.0,,"a) relief of poverty and human suffering and distress,b) the advancement of education,c) the advancement of religion,d) other purposes beneficial to the community and public interest.",1.0,0.0,2026-03-05T00:00:00,1071115,True,1,AR25,2024-07-01T00:00:00,1751241600000,2026-04-30T00:00:00,2025-11-03T00:00:00,139238,25350,,,,,,1.0,,0.0,,0.0,,,0.0,,0.0,0.0,0.0,0.0,0.0,,,,,,,,,,,,,,,,,,,0.0,['Throughout England And Wales'],['Region'],Regional,q4
2026-02-13T00:00:00,5040017,1154461,0,Human Hope,Trust,Registered,2013-11-04T00:00:00,,Submission Received,2023-08-01T00:00:00,2024-07-31T00:00:00,103943.0,12131.0,44 Lincoln Street,OLDHAM,,,,OL9 7RN,07746457336,atiq@humanhope.org,www.humanhope.org,,False,False,0.0,,0.0,0.0,,Helping Orphans & Widows around the world & the Homeless locally.,0.0,0.0,2026-03-05T00:00:00,1154461,True,1,AR24,2023-08-01T00:00:00,1722384000000,2025-05-31T00:00:00,2025-04-16T00:00:00,103943,12131,,,,,,1.0,,0.0,,0.0,,,0.0,,0.0,0.0,0.0,0.0,0.0,,,,,,,,,,,,,,,,,,,10.0,['Throughout England And Wales'],['Region'],Regional,q4
2026-02-13T00:00:00,5084055,1169511,0,OAK TREE ANIMALS' CHARITY,Charitable company,Registered,2016-10-06T00:00:00,,Submission Received Late,2024-01-01T00:00:00,2024-12-31T00:00:00,2601277.0,3049340.0,Oak Tree Animals Charity,Oak Tree Farm,Wetheral Shields,Wetheral,CARLISLE,CA4 8JA,01228560082,info@oaktreeanimals.org.uk,www.oaktreeanimals.org.uk,10404912,False,False,0.0,,0.0,0.0,,"Oak Tree Animals' Charity is at the heart of the community. Helping hundreds of animals each year, we find loving new homes for cats, dogs and horses, promote responsible pet ownership through education and outreach activities and work with individuals who need our support.",1.0,1.0,2026-03-05T00:00:00,1169511,True,1,AR24,2024-01-01T00:00:00,1735603200000,2025-10-31T00:00:00,2025-12-20T00:00:00,2601277,3049340,,,,,,0.0,,0.0,,0.0,,,1.0,0.0,0.0,0.0,0.0,0.0,0.0,0.0,,,,,,,,,,,,,,,,,,270.0,"['Cumbria', 'Northumberland', 'Scotland']","['Local Authority', 'Country']",International,q5
2026-02-13T00:00:00,5217073,1205362,0,AD OMNIA RENOVANDA TRUST,Charitable company,Registered,2023-10-23T00:00:00,,Submission Received,2024-04-01T00:00:00,2025-03-31T00:00:00,446548.0,308062.0,1-3 Coborn Street,London,,,,E3 2AB,02031615874,info@everythingnetwork.co,,14722345,False,False,0.0,,0.0,0.0,,"We deliver an annual conference on cultural renewal in the UK and run a network of supper clubs and prayer meetings which aim to increase the opportunities for our members to get together, share ideas and collaborate on projects and initiatives to transform culture. We also run a leadership development training programme.",,0.0,2026-03-05T00:00:00,1205362,True,1,AR25,2024-04-01T00:00:00,1743379200000,2026-01-31T00:00:00,2026-01-31T00:00:00,446548,308062,,,,,,0.0,,0.0,,0.0,,,0.0,,1.0,0.0,1.0,0.0,1.0,0.0,,,,,,,,,,,,,,,,,,30.0,"['Throughout England And Wales', 'Denmark', 'United States']","['Region', 'Country']",International,q5
2026-02-13T00:00:00,251262,251262,0,THE BRITISH ISLES PROVINCE OF THE CONGREGATION OF SISTERS OF CHARITY OF JESUS AND MARY,Trust,Registered,1967-01-31T00:00:00,,Submission Received,2023-09-01T00:00:00,2024-08-31T00:00:00,2231031.0,3186093.0,1ST FLOOR,CHURCH HOUSE,61 COLLEGE ROAD,BROMLEY,,,02083130399,,,,False,False,0.0,,0.0,0.0,,"Social and Pastoral work including care of the elderly and people with special needs, family support, and chaplaincy work in hospitals and to seafarers, healing ministry, counselling and educational establishments.Residential and care establishments.  Overseas Missionary work",1.0,1.0,2026-03-05T00:00:00,251262,True,1,AR24,2023-09-01T00:00:00,1725062400000,2025-06-30T00:00:00,2025-06-04T00:00:00,2231031,3186093,,,,,,0.0,,14.0,,0.0,446695.0,,0.0,,0.0,0.0,0.0,0.0,0.0,1.0,1.0,,,,,,,,,,,,,,,,,1.0,"['Belgium', 'Ireland']",['Country'],International,q5
2026-02-13T00:00:00,1027201,1027201,0,THE INSTITUTE FOR WAR AND PEACE REPORTING (IWPR),Charitable company,Registered,1993-10-14T00:00:00,,Submission Received,2024-01-01T00:00:00,2024-12-31T00:00:00,6791112.0,6688416.0,Institute For War &amp; Peace Reporting,48 Gray's Inn Road,,LONDON,,WC1X 8LT,02078311030,Tony@iwpr.net,www.iwpr.net,02744185,False,False,0.0,,0.0,0.0,,"The advancement of education and training in public interest journalism and in the causes, conduct, effects and resolution of international, ethnic and group conflict and civil war for the public benefit.",0.0,1.0,2026-03-05T00:00:00,1027201,True,1,AR24,2024-01-01T00:00:00,1735603200000,2025-10-31T00:00:00,2025-09-29T00:00:00,6791112,6688416,,,,,,0.0,,1.0,,3.0,2966270.0,1336079.0,1.0,1.0,0.0,0.0,0.0,0.0,0.0,1.0,2.0,2.0,0.0,3.0,1.0,,,,1.0,,,,,,,,,0.0,"['Throughout London', 'Afghanistan', 'Armenia', 'Azerbaijan', 'Bosnia And Herzegovina', 'Cuba', 'Egypt', 'Georgia', 'Iraq', 'Kazakhstan', 'Kyrgyzstan', 'Laos', 'Lebanon', 'Libya', 'Mexico', 'Burma', 'Netherlands', 'Nigeria', 'Philippines', 'Rwanda', 'Sierra Leone', 'Sri Lanka', 'Sudan', 'Syria', 'Tajikistan', 'Tunisia', 'Ukraine']","['Region', 'Country']",International,q5
2026-02-13T00:00:00,5150570,1186058,0,HAMPSHIRE AND ISLANDS AREA QUAKER MEETING,CIO,Registered,2019-10-30T00:00:00,,Submission Received,2024-01-01T00:00:00,2024-12-31T00:00:00,688392.0,384651.0,16 Colebrook Street,WINCHESTER,Hampshire,,,SO23 9LH,07910810862,gchiaqm@gmail.com,www.hampshirequakers.org.uk,,False,False,0.0,,1.0,0.0,,The object of Hampshire and Islands Area Meeting is the furtherance of the general religious and charitable purposes of the Religious Society of Friends (Quakers) in Britain in the area of Hampshire and Islands Area Meeting and beyond.,1.0,1.0,2026-03-05T00:00:00,1186058,True,1,AR24,2024-01-01T00:00:00,1735603200000,2025-10-31T00:00:00,2025-09-12T00:00:00,688392,384651,,,,,,0.0,,0.0,,0.0,,,0.0,,0.0,0.0,0.0,0.0,0.0,0.0,,,,,,,,,,,,,,,,,,93.0,"['Hampshire', 'Isle Of Wight', 'Jersey', 'Guernsey']","['Local Authority', 'Country']",International,q5
2026-02-13T00:00:00,5172814,1199520,0,FMDM FOUNDATION CIO,CIO,Registered,2022-07-01T00:00:00,,Submission Received,2024-01-01T00:00:00,2024-12-31T00:00:00,5155013.0,8603371.0,LADYWELL CONVENT,ASHSTEAD LANE,GODALMING,,,GU7 1ST,01483425775,rachaeljones@ladywell.org.uk,http://fmdminternational.co.uk/,,False,False,0.0,,1.0,0.0,,"The Charity aims to support the religious and other charitable activities of the Sisters of the Franciscan Missionaries of the Divine Motherhood. These activities are in healthcare, social work, pastoral care and education and the Sisters work in England, and the Congregation's overseas missions in  Australia, Singapore, Malaysia and Ireland.",0.0,1.0,2026-03-05T00:00:00,1199520,True,1,AR24,2024-01-01T00:00:00,1735603200000,2025-10-31T00:00:00,2025-10-22T00:00:00,5155013,8603371,,,,,,0.0,,0.0,,0.0,,,0.0,,0.0,0.0,0.0,0.0,0.0,1.0,1.0,1.0,,1.0,,,,,,,,,,,,,,1.0,"['Throughout England', 'Australia', 'Malaysia', 'Ireland', 'Singapore', 'Nigeria', 'Zambia', 'Zimbabwe']","['Region', 'Country']",International,q5
2026-02-13T00:00:00,313697,313697,0,YOUNG ENTERPRISE,Charitable company,Registered,1962-05-01T00:00:00,,Submission Received,2023-08-01T00:00:00,2024-07-31T00:00:00,5226864.0,5338499.0,Coram Campus,41 Brunswick Square,London,,,WC1N 1AZ,02075491980,info@y-e.org.uk,www.young-enterprise.org.uk,00712260,False,False,0.0,,0.0,0.0,,"Young Enterprise empowers young people to harness their personal and business skills. We make the connection between school and the world of work, enabling young people to develop the knowledge and attitudes they need to succeed. More than 214,000 young people from across England and Wales have participated in a Young Enterprise learning experience this year supported by around 6,000 volunteers.",1.0,1.0,2026-03-05T00:00:00,313697,True,1,AR24,2023-08-01T00:00:00,1722384000000,2025-05-31T00:00:00,2025-01-09T00:00:00,5226864,5338499,,,,,,0.0,,0.0,,21.0,,257360.0,1.0,1.0,0.0,0.0,0.0,0.0,0.0,1.0,3.0,1.0,2.0,,,1.0,,,,,,,,,,,,2275.0,"['Throughout England And Wales', 'Guernsey', 'Jersey']","['Region', 'Country']",International,q5
2026-02-13T00:00:00,5139387,1183873,0,HUMANITARIAN OPERATIONS,CIO,Registered,2019-06-13T00:00:00,,Submission Overdue,2023-04-01T00:00:00,2024-03-31T00:00:00,518237.0,508542.0,Unit 25,8 Hornsey Street,LONDON,,,n7 8eg,07541 785787,corporate@humanitarianoperations.org,www.humanitarianoperations.org,,False,False,0.0,,1.0,0.0,,"For the public benefit the relief and assistance of people in any part of theworld who are the victims of war or natural disaster, trouble, or catastrophe inparticular by the supply of food, water, sanitary and personal hygiene productsand digital education tools.",1.0,0.0,2026-03-05T00:00:00,1183873,True,1,AR24,2023-04-01T00:00:00,1711843200000,2025-01-31T00:00:00,2025-01-31T00:00:00,518237,508542,,,,,,0.0,,0.0,,0.0,,,0.0,,0.0,0.0,0.0,0.0,0.0,0.0,,,,,,,,,,,,,,,,,,70.0,"['Throughout England And Wales', 'Afghanistan', 'Akrotiri', 'Albania', 'Algeria', 'American Samoa', 'Andorra', 'Angola', 'Anguilla', 'Antarctica', 'Antigua And Barbuda', 'Argentina', 'Armenia', 'Aruba', 'Australia', 'Austria', 'Azerbaijan', 'The Bahamas', 'Bahrain', 'Bangladesh', 'Barbados', 'Belarus', 'Belgium', 'Belize', 'Benin', 'Bermuda', 'Bhutan', 'Bolivia', 'Bosnia And Herzegovina', 'Botswana', 'Brazil', 'British Indian Ocean Territory', 'British Virgin Islands', 'Brunei', 'Bulgaria', 'Burkina Faso', 'Burma', 'Burundi', 'Cambodia', 'Cameroon', 'Canada', 'Cape Verde', 'Central African Republic', 'Chad', 'Chile', 'China', 'Christmas Island', 'Cocos (KEELING) ISLANDS', 'Colombia', 'Comoros', 'Cook Islands', 'Costa Rica', 'Croatia', 'Cuba', 'Cyprus', 'Czech Republic', 'Congo (Democratic Republic)', 'Denmark', 'Djibouti', 'Dominica', 'Dominican Republic', 'Easter Island', 'Ecuador', 'Egypt', 'El Salvador', 'Equatorial Guinea', 'Eritrea', 'Estonia', 'Ethiopia', 'Falkland Islands', 'Faroe Islands', 'Fiji', 'Finland', 'French Guiana', 'French Polynesia', 'Gabon', 'The Gambia', 'Georgia', 'Germany', 'Ghana', 'Gibraltar', 'Greece', 'Greenland', 'Grenada', 'Guadeloupe', 'Guam', 'Guatemala', 'Guernsey', 'Guinea', 'Guinea-bissau', 'Guyana', 'Haiti', 'Honduras', 'Hong Kong', 'Hungary', 'Iceland', 'India', 'Indonesia', 'Iran', 'Iraq', 'Isle Of Man', 'Israel', 'Italy', 'Ivory Coast', 'Jamaica', 'Japan', 'Jersey', 'Jordan', 'Kazakhstan', 'Kenya', 'Kiribati', 'Kosovo', 'Kuwait', 'Kyrgyzstan', 'Laos', 'Latvia', 'Lebanon', 'Lesotho', 'Liberia', 'Libya', 'Liechtenstein', 'Lithuania', 'Luxembourg', 'Macau', 'Macedonia', 'Madagascar', 'Malawi', 'Malaysia', 'Maldives', 'Mali', 'Malta', 'Marshall Islands', 'Martinique', 'Mauritania', 'Mauritius', 'Mayotte', 'Mexico', 'Micronesia', 'Moldova', 'Monaco', 'Mongolia', 'Montenegro', 'Montserrat', 'Morocco', 'Mozambique', 'Namibia', 'Nauru', 'Nepal', 'Netherlands', 'New Caledonia', 'New Zealand', 'Nicaragua', 'Niger', 'Nigeria', 'Niue', 'Norfolk Island', 'North Korea', 'Northern Ireland', 'Northern Mariana Islands', 'Norway', 'Occupied Palestinian Territories', 'Oman', 'Pakistan', 'Palau', 'Panama', 'Papua New Guinea', 'Paraguay', 'Peru', 'Philippines', 'Pitcairn, Henderson, Ducie And Oeno Islands', 'Poland', 'Portugal', 'Puerto Rico', 'Qatar', 'Congo', 'Ireland', 'South Sudan', 'Réunion', 'Romania', 'Russia', 'Rwanda', 'Samoa', 'San Marino', 'São Tomé And Principe', 'Saudi Arabia', 'Scotland', 'Senegal', 'Serbia', 'Seychelles', 'Sierra Leone', 'Singapore', 'Slovakia', 'Slovenia', 'Solomon Islands', 'Somalia', 'South Africa', 'South Georgia And South Sandwich Islands', 'South Korea', 'Spain', 'Sri Lanka', 'Saint Barthélemy', 'Saint Helena', 'St Kitts And Nevis', 'St Lucia', 'Sint Maarten', 'Saint Pierre And Miquelon', 'Saint Vincent', 'Sudan', 'Suriname', 'Svalbard And Jan Mayen', 'Eswatini', 'Sweden', 'Switzerland', 'Syria', 'Taiwan', 'Tajikistan', 'Tanzania', 'Thailand', 'East Timor', 'Togo', 'Tokelau', 'Tonga', 'Trinidad And Tobago', 'Tunisia', 'Turkey', 'Turkmenistan', 'Turks And Caicos Islands', 'Tuvalu', 'United States Virgin Islands', 'Uganda', 'Ukraine', 'United Arab Emirates', 'United States', 'Uruguay', 'Uzbekistan', 'Vanuatu', 'Venezuela', 'Vietnam', 'Wallis And Futuna', 'Yemen', 'Zambia', 'Zimbabwe', 'France', 'Cayman Islands', 'British Antarctic Territory', 'Ajman', 'Aland Islands', 'Ascension', 'Baker Island', 'Bonaire', 'Ceuta', 'Dhekelia', 'Dubai', 'Fujairah', 'Jarvis Island', 'Johnston Atoll', 'Kingman Reef', 'Melilla', 'Midway Islands', 'Navassa Island', 'Palmyra Atoll', 'Ras Al-khaimah', 'Saba', 'Tristan Da Cunha', 'Umm Al-quwain', 'Vatican City', 'Wake Island', 'Western Sahara', 'Heard Island And Mcdonald Islands', 'Howland Island', 'Bouvet Island', 'Abu Dhabi', 'French Southern Territories', 'Saint-Martin', 'Sint Eustatius']","['Region', 'Country']",International,q5
2026-02-13T00:00:00,4002090,1100485,0,WORLDWIDE VETERINARY SERVICE,Charitable company,Registered,2003-11-03T00:00:00,,Submission Received,2024-01-01T00:00:00,2024-12-31T00:00:00,9278219.0,8903584.0,4 Castle Street,Cranborne,Wimborne,,,BH21 5PZ,01725557225,info@wvs.org.uk,www.wvs.org.uk,04773693,False,False,0.0,,0.0,0.0,,TO RELIEVE THE SUFFERING AND DISTRESS OF ANIMALS THROUGHOUT THE WORLD - THE PROVISION OF MEDICAL AND FINANCIAL AID TO ANIMAL WELFARE ORGANISATIONS AND CHARITIES - THE PROVISION AND CO-ORDINATION OF VOLUNTEERS TO SUPPORT THE WORK OF ANIMAL WELFARE ORGANISATIONS OVERSEAS - THE PROVISION OF VETERINARY ADVICE AND SUPPORT - TO PROMOTE AND CONDUCT RESEARCH IN ALL MATTERS RELATING TO ANIMAL WELFARE.,1.0,1.0,2026-03-05T00:00:00,1100485,True,1,AR24,2024-01-01T00:00:00,1735603200000,2025-10-31T00:00:00,2025-10-15T00:00:00,9278219,8903584,,,,,,0.0,,0.0,,0.0,,,0.0,,0.0,0.0,0.0,0.0,0.0,1.0,1.0,2.0,1.0,,1.0,,,1.0,,,,,,,,,,0.0,"['Throughout England And Wales', 'India', 'Malawi', 'Thailand', 'Zambia', 'Scotland', 'Northern Ireland', 'Cape Verde', 'Ecuador', 'Ethiopia', 'Mozambique', 'Tanzania']","['Region', 'Country']",International,q5
2026-02-13T00:00:00,4024445,1115484,0,INDOCHINA STARFISH FOUNDATION,Charitable company,Registered,2006-07-20T00:00:00,,Submission Received,2024-01-01T00:00:00,2024-12-31T00:00:00,1881225.0,1501980.0,Francis Clark Llp,Unit 18 Melville Building East,Royal William Yard,PLYMOUTH,,PL1 3GW,01548844698,mstleung@outlook.com,www.isfcambodia.org,05798114,False,False,0.0,,0.0,0.0,,"Assisting street and garbage dump children in Phnom Penh, Cambodia",1.0,1.0,2026-03-05T00:00:00,1115484,True,1,AR24,2024-01-01T00:00:00,1735603200000,2025-10-31T00:00:00,2025-10-01T00:00:00,1881225,1501980,,,,,,0.0,,0.0,,0.0,,,0.0,,0.0,0.0,0.0,0.0,0.0,0.0,,,,,,,,,,,,,,,,,,0.0,['Cambodia'],['Country'],International,q5
2026-02-13T00:00:00,3950859,1071929,0,WORLD HARVEST  (UK),Other,Registered,1998-10-12T00:00:00,,Submission Received,2024-01-01T00:00:00,2024-12-31T00:00:00,686058.0,780031.0,79 ELM DRIVE,HARROW,,,,HA2 7BY,02088630711,rheppe@whm.org,worldharvestuk.org,,False,False,0.0,,0.0,0.0,,"World Harvest (UK) seeks to advance God's love in the UK & worldwide by church planting, encouraging grace-renewal, and partnerships in ministry.  We also operate a network of ASHA Charity shops, assisting organizations, particularly in South Asia, by providing funds for the relief of poverty, healthcare, education, and economic development, including giving to hospitals, schools in poorer areas.",1.0,1.0,2026-03-05T00:00:00,1071929,True,1,AR24,2024-01-01T00:00:00,1735603200000,2025-10-31T00:00:00,2025-10-31T00:00:00,686058,780031,,,,,,0.0,,0.0,,0.0,,,0.0,,0.0,0.0,0.0,0.0,0.0,0.0,,,,,,,,,,,,,,,,,,20.0,"['Brent', 'Ealing', 'Harrow', 'Newham', 'Leicester City', 'India', 'Kenya', 'Uganda', 'United States', 'Hillingdon']","['Local Authority', 'Country']",International,q5
2026-02-13T00:00:00,802000,802000,0,THE AL-KHOEI BENEVOLENT FOUNDATION,Trust,Registered,1989-08-23T00:00:00,,Submission Received,2023-09-01T00:00:00,2024-08-31T00:00:00,2487781.0,2921066.0,Al-Khoei Foundation,STONE HALL- Chevening Road,LONDON,,,NW6 6TN,02073724049,info@alkhoei.org,www.al-khoei.org,,False,False,0.0,,0.0,0.0,,The principal activity of the Charity is to promote the advance of the Islamic religion by all or any of the following means.-   Providing and maintaining Mosques and religious centres for the worship of the Islamic religion.-  Teaching and educating young members of the Islamic community in the doctrine and practices of the Islamic religion and        Jurisprudence.,1.0,1.0,2026-03-05T00:00:00,802000,True,1,AR24,2023-09-01T00:00:00,1725062400000,2025-06-30T00:00:00,2025-06-30T00:00:00,2487781,2921066,,,,,,0.0,,0.0,,0.0,,,0.0,,0.0,0.0,0.0,0.0,0.0,0.0,,,,,,,,,,,,,,,,,,8.0,"['Throughout England And Wales', 'Iraq']","['Region', 'Country']",International,q5
2026-02-13T00:00:00,5182639,1196784,0,FRIENDS OF CHOSEN YESHIAS,CIO,Registered,2021-11-26T00:00:00,,Submission Received Late,2024-01-01T00:00:00,2024-12-31T00:00:00,531711.0,497583.0,24A LINGWOOD ROAD,LONDON,,,,E5 9BN,07825705097,yossi@ajsaccounts.co.uk,,,False,False,0.0,,1.0,0.0,,"(1) the advancement of the orthodox Jewish faith, (2) the prevention or relief of poverty, and (3) the relief of those in need, by reason of age, ill-health, disability, financial hardship or other disadvantage of people living in the UK and Israel, in particular but not exclusively, by financially supporting such charitable purposes as are charitable in UK law.",0.0,0.0,2026-03-05T00:00:00,1196784,True,1,AR24,2024-01-01T00:00:00,1735603200000,2025-10-31T00:00:00,2025-11-21T00:00:00,531711,497583,,,,,,1.0,,0.0,,0.0,,,0.0,,0.0,0.0,0.0,0.0,0.0,,,,,,,,,,,,,,,,,,,0.0,"['Throughout England And Wales', 'Israel']","['Region', 'Country']",International,q5
2026-02-13T00:00:00,4002140,1099015,0,MEDICAL MISSION INTERNATIONAL (UK),Charitable company,Registered,2003-08-15T00:00:00,,Submission Received,2024-01-01T00:00:00,2024-12-31T00:00:00,1255622.0,1128504.0,Regus,1 Elmfield Park,BROMLEY,,,BR1 1LU,020 4631 5333,info@mminternational.org.uk,www.mminternational.org.uk,04798450,False,False,0.0,,0.0,0.0,,"The principal activity is the provision of emergency medical relief and public health services to assist disadvantaged and needy families, throughout the world, affected by famine, natural disaster or civil conflict.",1.0,0.0,2026-03-05T00:00:00,1099015,True,1,AR24,2024-01-01T00:00:00,1735603200000,2025-10-31T00:00:00,2025-09-26T00:00:00,1255622,1128504,,,,,,1.0,,0.0,,0.0,,,0.0,,0.0,0.0,0.0,0.0,0.0,0.0,,,,,,,,,,,,,,,,,,0.0,"['Ghana', 'Kenya', 'Malawi', 'Mozambique', 'Philippines', 'South Africa', 'Sudan', 'Zimbabwe']",['Country'],International,q5
2026-02-13T00:00:00,267333,267333,0,The Whinfell Charitable Fund,Trust,Registered,1974-05-20T00:00:00,,Submission Received,2024-02-01T00:00:00,2025-01-31T00:00:00,394528.0,187552.0,35 WESTGATE,HUDDERSFIELD,YORKSHIRE,ENGLAND,,HD1 1PA ,01484423691,,,,False,False,0.0,,0.0,0.0,,The trustees operate a grant-making policy providing funds for such charitable institutions or objects as the trustees think fit.,0.0,0.0,2026-03-05T00:00:00,267333,True,1,AR25,2024-02-01T00:00:00,1738281600000,2025-11-30T00:00:00,2025-11-27T00:00:00,394528,187552,,,,,,1.0,,0.0,,0.0,,,0.0,,0.0,0.0,0.0,0.0,0.0,,,,,,,,,,,,,,,,,,,0.0,"['Ireland', 'Throughout England']","['Country', 'Region']",International,q5
2026-02-13T00:00:00,3999624,1100403,0,STEPS TO WORK,Charitable company,Registered,2003-10-30T00:00:00,,Submission Overdue,2023-04-01T00:00:00,2024-03-31T00:00:00,11362862.0,13881693.0,BUTCHER WOODS CORPORATE RECOVERY,ST. PAULS TERRACE,79 CAROLINE STREET,BIRMINGHAM,,B3 1UP,01212366001 ,JAMES.STALLARD@BUTCHER-WOODS.CO.UK,,03738249,True,False,0.0,,0.0,0.0,,"Training, personal development and employment creation",0.0,1.0,2026-03-05T00:00:00,1100403,True,1,AR24,2023-04-01T00:00:00,1711843200000,2025-01-31T00:00:00,2025-05-30T00:00:00,11362862,13881693,,,,,,0.0,,1.0,,0.0,7994410.0,,1.0,1.0,0.0,0.0,0.0,0.0,0.0,1.0,3.0,,1.0,,,,,,,,,,,,,,,0.0,"['Dudley', 'Sandwell', 'Walsall', 'Wolverhampton', 'Staffordshire']",['Local Authority'],Local,q5
2026-02-13T00:00:00,4007648,1103630,0,"BEDWORTH, RUGBY AND NUNEATON CITIZENS ADVICE BUREAU",Charitable company,Registered,2004-05-06T00:00:00,,Submission Received,2024-04-01T00:00:00,2025-03-31T00:00:00,1211611.0,1193210.0,25 CONGREVE WALK,BEDWORTH,WARWICKSHIRE,,,CV12 8LX,02476643206,info@brancab.org.uk,www.brancab.org.uk,05056654,False,False,0.0,,0.0,0.0,,"The bureau operates in Nuneaton, Bedworth and Rugby  and the surrounding areas of Warwickshire to provide free, confidential, impartial and independent generalist advice on most subjects. The bureau also undertakes social policy campaign work and financial capability training for community groups and individuals.",0.0,1.0,2026-03-05T00:00:00,1103630,True,1,AR25,2024-04-01T00:00:00,1743379200000,2026-01-31T00:00:00,2025-12-20T00:00:00,1211611,1193210,,,,,,0.0,,2.0,,9.0,665527.0,508376.0,0.0,,0.0,0.0,0.0,0.0,0.0,0.0,,,,,,,,,,,,,,,,,,64.0,['Warwickshire'],['Local Authority'],Local,q5
2026-02-13T00:00:00,4005664,1103054,0,S PINTER YOUTH PROJECT,Other,Registered,2004-04-05T00:00:00,,Submission Received,2024-04-01T00:00:00,2025-03-31T00:00:00,294821.0,289362.0,126 CASTLEWOOD ROAD,LONDON,,,,N15 6BE,02088001662,office@spyp.org.uk,www.spyp.org.uk,,False,False,0.0,,0.0,0.0,,"The charity provides out of school activities for socially isolated & financially disadvantaged children and young people, inc. children with special needs / disabilities, from ethnic minority communities in the London Boroughs of Hackney and Haringey.  The Charity's aims to educate children through social, leisure & educational activities to develop their physical, mental & emotional capacities.",0.0,0.0,2026-03-05T00:00:00,1103054,True,1,AR25,2024-04-01T00:00:00,1743379200000,2026-01-31T00:00:00,2025-10-21T00:00:00,294821,289362,,,,,,0.0,,1.0,,0.0,11308.0,,0.0,,0.0,0.0,0.0,0.0,0.0,0.0,,,,,,,,,,,,,,,,,,128.0,"['Hackney', 'Haringey']",['Local Authority'],Local,q5
2026-02-13T00:00:00,3992009,1093653,0,InspireAll Leisure & Family Support Services,Charitable company,Registered,2002-09-02T00:00:00,,Submission Received,2024-04-01T00:00:00,2025-03-31T00:00:00,18944747.0,18459861.0,INSPIREALL LEISURE,The Venue Leisure Centre,Elstree Way,BOREHAMWOOD,,WD6 1JY,01727744250,info@inspireall.com,www.inspireall.com,04343347,False,False,0.0,,0.0,0.0,,"To Provide Leisure, Recreation, Family Services And Dramatic Arts Facilities To The Local Community.To promote and preserve good health and well being through community participation in healthy recreation.",0.0,1.0,2026-03-05T00:00:00,1093653,True,1,AR25,2024-04-01T00:00:00,1743379200000,2026-01-31T00:00:00,2026-01-29T00:00:00,18944747,18459861,,,,,,0.0,,3.0,,0.0,3904392.0,,0.0,,0.0,0.0,0.0,0.0,0.0,1.0,1.0,1.0,,,1.0,,,,,,,,,,,,,20.0,"['Hertfordshire', 'Milton Keynes']",['Local Authority'],Local,q5
2026-02-13T00:00:00,3959048,1073860,0,SPECTRUM NORTHANTS LIMITED,Charitable company,Registered,1999-02-05T00:00:00,,Submission Received,2024-01-01T00:00:00,2024-12-31T00:00:00,976458.0,985224.0,BERRYWOOD ROAD,DUSTON,NORTHAMPTON,,,NN5 6XA,01604754120,ld@spectrumnorthants.co.uk,www.spectrumnorthants.co.uk,03699609,False,False,0.0,,0.0,0.0,,"The charity provides day centre facilities for up to 100 service users. These facilities are set up to provide life educationexperience and preparation, where appropriate, for employment or volunteering. They are managed to providepractical skills, emotional support and to assist with personal development to enable users to achieve their potential.",1.0,1.0,2026-03-05T00:00:00,1073860,True,1,AR24,2024-01-01T00:00:00,1735603200000,2025-10-31T00:00:00,2025-09-03T00:00:00,976458,985224,,,,,,0.0,,2.0,,0.0,616511.0,,0.0,,0.0,0.0,0.0,0.0,0.0,1.0,1.0,,,,,,,,,,,,,,,,,28.0,['Northamptonshire'],['Local Authority'],Local,q5
2026-02-13T00:00:00,5004422,1132444,0,THE PAROCHIAL CHURCH COUNCIL OF THE ECCLESIASTICAL PARISH OF HEXHAM ABBEY,Previously excepted,Registered,2009-11-04T00:00:00,,Submission Received,2024-01-01T00:00:00,2024-12-31T00:00:00,1236892.0,1189848.0,HEXHAM ABBEY,ABBEY COTTAGE,BEAUMONT STREET,HEXHAM,,NE46 3NB,01434602031,admin@hexhamabbey.org.uk,www.hexhamabbey.org.uk,,False,False,1.0,,0.0,0.0,,Promoting in the ecclesiastical parish the whole mission of the church,1.0,1.0,2026-03-05T00:00:00,1132444,True,1,AR24,2024-01-01T00:00:00,1735603200000,2025-10-31T00:00:00,2025-10-09T00:00:00,1236892,1189848,,,,,,0.0,,0.0,,0.0,,,1.0,1.0,1.0,0.0,1.0,0.0,0.0,0.0,,,,,,,,,,,,,,,,,,200.0,['Northumberland'],['Local Authority'],Local,q5
2026-02-13T00:00:00,5039403,1154394,0,ALTRINCHAM FOOTBALL CLUB COMMUNITY SPORTS,Charitable company,Registered,2013-10-30T00:00:00,,Submission Received,2023-09-01T00:00:00,2024-08-31T00:00:00,524533.0,331816.0,Altrincham Association Football Club Ltd,Moss Lane,Hale,ALTRINCHAM,Cheshire,WA15 8AP,07557101803,sportshall@altrinchamfootballclub.co.uk,http://www.altrinchamfccommunitysports.co.uk,07990575,False,False,0.0,,0.0,0.0,,"Charity delivers coaching in Trafford Schools, Youth Clubs, holiday football ?Fun Weeks? - all for boys and girls. Also supports Ladies football via Training, Coaching, and matches.Charity also operates a Community Sports Hall which provides activities to all ages and fitness levels in the local community incl Yoga, Senior Aerobics, After school clubs, Walking Football, Duke of Edinb, Tumbletots",1.0,0.0,2026-03-05T00:00:00,1154394,True,1,AR25,2024-09-01T00:00:00,1756598400000,2026-06-30T00:00:00,2026-02-24T00:00:00,625125,396620,,,,,,0.0,,0.0,,2.0,,23685.0,0.0,,0.0,0.0,0.0,0.0,0.0,0.0,,,,,,,,,,,,,,,,,,5.0,['Trafford'],['Local Authority'],Local,q5
2026-02-13T00:00:00,5026952,1146482,0,Surrey Independent Living Charity,CIO,Registered,2012-03-21T00:00:00,,Submission Received,2024-04-01T00:00:00,2025-03-31T00:00:00,639248.0,627136.0,Surrey Independent Living Council,Astolat,Coniers Way,Guildford,,GU4 7HL,01483458111,j.cumber@surreyilc.org.uk,www.surreyilc.org.uk,,False,False,0.0,,1.0,0.0,,"SILC provides information and support to disabled people on all aspects of Direct Payments andIndependent Living,",0.0,0.0,2026-03-05T00:00:00,1146482,True,1,AR25,2024-04-01T00:00:00,1743379200000,2026-01-31T00:00:00,2025-10-28T00:00:00,639248,627136,,,,,,0.0,,3.0,,1.0,415048.0,16500.0,0.0,,0.0,0.0,0.0,0.0,0.0,1.0,1.0,,,1.0,,,,,,,,,,,,,,0.0,['Surrey'],['Local Authority'],Local,q5
2026-02-13T00:00:00,203722,203722,0,THE FORTESCUE GARDEN TRUST,Other,Registered,1962-04-24T00:00:00,,Submission Received,2024-02-01T00:00:00,2025-01-31T00:00:00,496984.0,282315.0,GARDEN HOUSE,BUCKLAND MONACHORUM,YELVERTON,,,PL20 7LQ,01822854769,accounts@thegardenhouse.org.uk,www.thegardenhouse.org.uk,,False,False,0.0,,0.0,0.0,,"The laying out, planting, improvement, maintenance and upkeep of the trust land as a garden for the enjoyment of the public and also for the purposes of experimentation and research (by the growth and propagation of trees and plants of any kind and in any manner) with a view to the futherance of the study and science of botany and the increase of knowledge in respect thereof.",1.0,1.0,2026-03-05T00:00:00,203722,True,1,AR25,2024-02-01T00:00:00,1738281600000,2025-11-30T00:00:00,2025-10-11T00:00:00,496984,282315,,,,,,0.0,,0.0,,2.0,,10500.0,1.0,1.0,0.0,0.0,0.0,0.0,0.0,0.0,,,,,,,,,,,,,,,,,,30.0,['Devon'],['Local Authority'],Local,q5
2026-02-13T00:00:00,312879,312879,0,BHARATIYA VIDYA BHAVAN LIMITED,Charitable company,Registered,1973-06-07T00:00:00,,Submission Received,2024-04-01T00:00:00,2025-03-31T00:00:00,867572.0,857902.0,4A CASTLETOWN ROAD,WEST KENSINGTON,LONDON,,,W14 9HE,02073813086,info@bhavan.net,www.bhavan.net,01090630,False,False,0.0,,0.0,0.0,,"We stage 90 - 100 publicly-accessible events a year of music, dance and drama in our main auditorium.  We also run 23 courses in Indian Music, Dance, Languages and Yoga as well as exhibitions. Further details available if required.",1.0,1.0,2026-03-05T00:00:00,312879,True,1,AR25,2024-04-01T00:00:00,1743379200000,2026-01-31T00:00:00,2026-01-11T00:00:00,867572,857902,,,,,,0.0,,0.0,,1.0,,131373.0,0.0,,0.0,0.0,0.0,0.0,0.0,0.0,,,,,,,,,,,,,,,,,,16.0,['Hammersmith And Fulham'],['Local Authority'],Local,q5
2026-02-13T00:00:00,3943323,1065086,0,THE FRONTIERS CHARITABLE TRUST,Charitable company,Registered,1997-10-29T00:00:00,,Submission Received,2023-09-01T00:00:00,2024-08-31T00:00:00,1127687.0,1110571.0,KINGS CENTRE,UNIT 27,EDISON ROAD,EASTBOURNE,,BN23 6PT,01323521125,info@kings.church,www.kings.church,03404789,False,False,0.0,,0.0,0.0,,"The Frontiers Charitable Trust is home to Kings Church, a large, vibrant and growing church. Full details of all its activities can be found at www.kings.church",1.0,1.0,2026-03-05T00:00:00,1065086,True,1,AR24,2023-09-01T00:00:00,1725062400000,2025-06-30T00:00:00,2025-06-20T00:00:00,1127687,1110571,,,,,,0.0,,0.0,,0.0,,,1.0,1.0,0.0,0.0,0.0,0.0,0.0,0.0,,,,,,,,,,,,,,,,,,75.0,"['East Sussex', 'West Sussex']",['Local Authority'],Local,q5
2026-02-13T00:00:00,526631,526631,0,KING DAVID SCHOOLS (MANCHESTER),Other,Registered,1967-02-08T00:00:00,,Submission Received,2023-09-01T00:00:00,2024-08-31T00:00:00,10471324.0,11468806.0,King David School,Eaton Road,MANCHESTER,,,M8 5DY,01617403181,,,,False,False,0.0,,0.0,0.0,,King David Schools (Manchester) exists to provide Jewish Children with a meaningful orthodox Jewish religious education coupled with an excellent secular education.,1.0,1.0,2026-03-05T00:00:00,526631,True,1,AR24,2023-09-01T00:00:00,1725062400000,2025-06-30T00:00:00,2025-06-10T00:00:00,10471324,11468806,,,,,,0.0,,0.0,,0.0,,,0.0,,0.0,0.0,0.0,0.0,0.0,0.0,,,,,,,,,,,,,,,,,,10.0,['Manchester City'],['Local Authority'],Local,q5
2026-02-13T00:00:00,4045411,1129443,0,THE UDLINGTON TRUST,Trust,Registered,2009-05-06T00:00:00,,Submission Received,2024-01-01T00:00:00,2024-12-31T00:00:00,600000.0,350828.0,Whiston Priory,Ford,SHREWSBURY,,,SY5 9NG,01743283600,,,,False,False,0.0,,0.0,0.0,,The object of the charity is to apply the annual income of the trust to fund such charities of for such charitable purposes as the Trustees shall from time to time in their absolute discretion determine.,0.0,0.0,2026-03-05T00:00:00,1129443,True,1,AR24,2024-01-01T00:00:00,1735603200000,2025-10-31T00:00:00,2025-10-21T00:00:00,600000,350828,,,,,,1.0,,0.0,,0.0,,,0.0,,0.0,0.0,0.0,0.0,0.0,,,,,,,,,,,,,,,,,,,0.0,['Shropshire'],['Local Authority'],Local,q5
2026-02-13T00:00:00,309672,309672,0,"WESTMINSTER COLLEGE TRUST, OXFORD",Other,Registered,1963-06-17T00:00:00,,Submission Received,2023-09-01T00:00:00,2024-08-31T00:00:00,665951.0,734549.0,C/O Ashdown Hurrey,20 Havelock Road,HASTINGS,East Sussex,,TN34 1BP,01424 720222,gemmas@ashdownhurrey.co.uk,,,False,False,0.0,,0.0,0.0,,Promoting higher education in the interests of the Methodist Church.,0.0,1.0,2026-03-05T00:00:00,309672,True,1,AR24,2023-09-01T00:00:00,1725062400000,2025-06-30T00:00:00,2025-06-04T00:00:00,665951,734549,,,,,,1.0,,0.0,,0.0,,,0.0,,0.0,0.0,0.0,0.0,0.0,,,,,,,,,,,,,,,,,,,0.0,['Oxfordshire'],['Local Authority'],Local,q5
2026-02-13T00:00:00,5053122,1159447,0,GILBERT HANNAM EDUCATION FOUNDATION,Trust,Registered,2014-12-02T00:00:00,,Submission Received,2023-09-01T00:00:00,2024-08-31T00:00:00,298530.0,113717.0,119 Midhurst Road,Fernhurst,HASLEMERE,Surrey,,GU273EY,01428653807,,,,False,False,0.0,,0.0,0.0,,Trustees have supported a number of events and made a number of donations during this year. The largest grant has been towards the Gilbert Hannam Day celebrations in the College.Trustees have finalised the sale of the final plot for development in the Midhurst town site and are considering how to utilise the increase in Foundations funds to support the Foundation?s aims.,0.0,1.0,2026-03-05T00:00:00,1159447,True,1,AR24,2023-09-01T00:00:00,1725062400000,2025-06-30T00:00:00,2025-06-04T00:00:00,298530,113717,,,,,,1.0,,0.0,,0.0,,,0.0,,0.0,0.0,0.0,0.0,0.0,,,,,,,,,,,,,,,,,,,1.0,['West Sussex'],['Local Authority'],Local,q5
2026-02-13T00:00:00,5187602,1196573,0,Ousa Limited,Charitable company,Registered,2021-11-15T00:00:00,,Submission Received,2023-07-01T00:00:00,2024-06-30T00:00:00,2253477.0,1982154.0,WITHERS LLP,20 OLD BAILEY,LONDON,,,EC4M 7AN,02075976627,legal@ousa.org.uk,,13459363,False,False,0.0,,0.0,0.0,,"Ousa Limited advances education of the public through the provision of innovative information technology training relating to software development, telecommunications and coding.",1.0,1.0,2026-03-05T00:00:00,1196573,True,1,AR24,2023-07-01T00:00:00,1719705600000,2025-04-30T00:00:00,2025-04-03T00:00:00,2253477,1982154,,,,,,0.0,,0.0,,0.0,,,0.0,,1.0,0.0,1.0,0.0,0.0,1.0,,1.0,,,,,,,,,,,,,,,,0.0,"['Throughout England And Wales', 'Scotland']","['Region', 'Country']",National,q5
2026-02-13T00:00:00,5190191,1199824,0,HELPFORCE COMMUNITY,Charitable company,Registered,2022-07-27T00:00:00,,Submission Received,2024-04-01T00:00:00,2025-03-31T00:00:00,1648401.0,1679400.0,New Wing,Somerset House,Strand,London,,WC2R 1LA,07779671443,help@helpforce.community,https://helpforce.community/,10919485,False,False,0.0,,0.0,0.0,,We accelerate the growth and impact of volunteering in health and care organisations by working together to increase volunteering opportunities and accelerate their impact by:1. Co-producing innovative volunteering solutions to health and care challenges2. Enabling them to maximise the potential of volunteering to improve outcomes for people3. Connecting volunteer leaders to improve quality,0.0,0.0,2026-03-05T00:00:00,1199824,True,1,AR25,2024-04-01T00:00:00,1743379200000,2026-01-31T00:00:00,2026-01-30T00:00:00,1648401,1679400,,,,,,0.0,,6.0,,8.0,267506.0,105833.0,0.0,,1.0,0.0,1.0,0.0,0.0,1.0,3.0,,,1.0,1.0,1.0,,,,,,,,,,,,0.0,"['Throughout England And Wales', 'Northern Ireland', 'Scotland']","['Region', 'Country']",National,q5
2026-02-13T00:00:00,313407,313407,0,BRITISH DENTAL ASSOCIATION TRUST FUND,Charitable company,Registered,1965-09-28T00:00:00,,Submission Received,2023-10-01T00:00:00,2024-09-30T00:00:00,858657.0,1021873.0,British Dental Association,64 Wimpole Street,LONDON,,,W1G 8YS ,02075634150,museum@bda.org,www.bda.org,00849283,False,False,0.0,,0.0,0.0,,"The charity runs a museum and a library, as well as undertaking a range of projects in order to support dentists within Great Britain and Northern Ireland.",0.0,0.0,2026-03-05T00:00:00,313407,True,1,AR24,2023-10-01T00:00:00,1727654400000,2025-07-30T00:00:00,2025-05-19T00:00:00,858657,1021873,,,,,,0.0,,0.0,,0.0,,,0.0,,0.0,0.0,0.0,0.0,0.0,1.0,1.0,,,,,,,,,,,,,,,,,12.0,"['Throughout England And Wales', 'Scotland', 'Northern Ireland']","['Region', 'Country']",National,q5
2026-02-13T00:00:00,294344,294344,0,THE WOODLAND TRUST,Charitable company,Registered,1986-05-20T00:00:00,,Submission Received,2023-06-01T00:00:00,2024-05-31T00:00:00,84205000.0,71577000.0,The Woodland Trust,Kempton Way,GRANTHAM,,,NG31 6LL,0330 333 3300,enquiries@woodlandtrust.org.uk,www.woodlandtrust.org.uk,01982873,False,False,0.0,,0.0,0.0,,"Our Objects are to conserve restore & re-establish trees & in particular broad leaved trees, plants and all forms of wildlife & thereby to secure & enhance the enjoyment by the public of the natural environment.Our vision is a UK rich in native woods & trees for people & wildlife. Life's better with trees strengthening the role of  woods & trees in our landscapes & rekindling our love of them.",1.0,1.0,2026-03-05T00:00:00,294344,True,1,AR25,2024-06-01T00:00:00,1748649600000,2026-03-31T00:00:00,2026-03-04T00:00:00,89379000,72356000,,,,,,0.0,,44.0,,338.0,330784.0,12674069.0,1.0,1.0,0.0,0.0,0.0,0.0,0.0,1.0,17.0,6.0,1.0,3.0,0.0,1.0,0.0,0.0,1.0,,,,,,,,,12368.0,"['Throughout England And Wales', 'Scotland', 'Northern Ireland', 'Gibraltar', 'Guernsey', 'Isle Of Man', 'Jersey']","['Region', 'Country']",National,q5
2026-02-13T00:00:00,3956388,1072376,0,Coram Leap Confronting Conflict,Charitable company,Registered,1998-11-10T00:00:00,,Submission Received,2024-01-01T00:00:00,2024-12-31T00:00:00,1212311.0,1223185.0,41 BRUNSWICK SQUARE,LONDON,,,,WC1N 1AZ,02075613700,info@leapcc.org.uk,www.leapcc.org.uk,03628271,False,False,0.0,,0.0,0.0,,"Leap is an award-winning national youth charity that provides inspirational conflict management training and support to young people and the professionals working with them.By taking part in our training, young people gain the skills and personal resources to understand, manage and resolve conflict, and become leaders in their communities.",1.0,0.0,2026-03-05T00:00:00,1072376,True,1,AR24,2024-01-01T00:00:00,1735603200000,2025-10-31T00:00:00,2025-05-21T00:00:00,1212311,1223185,,,,,,0.0,,1.0,,0.0,11000.0,,0.0,,0.0,0.0,0.0,0.0,0.0,1.0,1.0,1.0,,,,,,,,,,,,,,,,0.0,"['Throughout England And Wales', 'Scotland']","['Region', 'Country']",National,q5
2026-02-13T00:00:00,4012893,1107328,0,CLIC SARGENT CANCER CARE FOR CHILDREN,Charitable company,Registered,2004-12-17T00:00:00,,Submission Received,2024-04-01T00:00:00,2025-03-31T00:00:00,25918000.0,26665000.0,4th Floor,Whitefriars,Lewins Mead,BRISTOL,,BS1 2NT,0300 330 0803,info@younglivesvscancer.org.uk,www.younglivesvscancer.org.uk,05273638,False,False,0.0,,0.0,0.0,,"Young Lives vs Cancer (the working name of CLIC Sargent Cancer Care for Children) is there for children and young people with cancer and their families, responding to their individual needs and caring through treatment and beyond. We provide emotional,practical and financial support, and take what beneficiaries tell us about the impact of cancer on their lives to help change things for the better.",1.0,1.0,2026-03-05T00:00:00,1107328,True,1,AR25,2024-04-01T00:00:00,1743379200000,2026-01-31T00:00:00,2026-01-09T00:00:00,25918000,26665000,,,,,,0.0,,0.0,,0.0,,,1.0,1.0,0.0,0.0,0.0,0.0,0.0,1.0,10.0,2.0,1.0,5.0,1.0,1.0,,,1.0,,,,,,,,,680.0,"['Throughout England And Wales', 'Scotland', 'Northern Ireland']","['Region', 'Country']",National,q5
2026-02-13T00:00:00,306016,306016,0,THE GUIDE ASSOCIATION,Other,Registered,1961-01-01T00:00:00,,Submission Received,2024-01-01T00:00:00,2024-12-31T00:00:00,34217000.0,30295000.0,17-19 Buckingham Palace Road,LONDON,,,,SW1W 0PT,02078346242,infoteam@girlguiding.org.uk,www.girlguiding.org.uk,,False,False,0.0,,0.0,0.0,,"TO PROMOTE THE EDUCATION OF GIRLS AND YOUNG WOMEN TO HELP THEM DEVELOP EMOTIONALLY, MENTALLY, PHYSICALLY AND SPIRITUALLY SO THAT THEY CAN MAKE A POSITIVE CONTRIBUTION TO THEIR COMMUNITY AND THE WIDER WORLD.",1.0,1.0,2026-03-05T00:00:00,306016,True,1,AR24,2024-01-01T00:00:00,1735603200000,2025-10-31T00:00:00,2025-10-17T00:00:00,34217000,30295000,,,,,,0.0,,0.0,,2.0,,1175000.0,1.0,1.0,0.0,0.0,0.0,0.0,0.0,1.0,10.0,13.0,2.0,5.0,,,,1.0,,,,,,,,,,80000.0,"['Throughout England And Wales', 'Scotland', 'Northern Ireland']","['Region', 'Country']",National,q5
2026-02-13T00:00:00,5211695,1202089,0,HISTORY OF PARLIAMENT TRUST,CIO,Registered,2023-02-27T00:00:00,,Submission Received,2024-04-01T00:00:00,2025-03-31T00:00:00,1545055.0,1777247.0,History Of Parliament,14-18 Old Street,LONDON,,,EC1V 9BH,02076369269,website@histparl.ac.uk,www.historyofparliamentonline.org,,False,False,0.0,,1.0,0.0,,"Scholarly and historical research on the parliament of the United Kingdom and its predecessors, and the members, of those bodies; on parliamentary constituencies and elections, and on parliamentary politics and institutions in general, and disseminating and interpreting the results of this research, and encouraging similar research by others, and other related scholarly activities.",0.0,1.0,2026-03-05T00:00:00,1202089,True,1,AR25,2024-04-01T00:00:00,1743379200000,2026-01-31T00:00:00,2026-01-20T00:00:00,1545055,1777247,,,,,,0.0,,0.0,,0.0,,,0.0,,0.0,0.0,0.0,0.0,0.0,1.0,5.0,1.0,1.0,0.0,0.0,0.0,0.0,0.0,0.0,0.0,0.0,0.0,0.0,0.0,0.0,0.0,0.0,23.0,"['Throughout England And Wales', 'Scotland', 'Northern Ireland']","['Region', 'Country']",National,q5
2026-02-13T00:00:00,5055760,1160039,0,ASSOCIATION FOR LEARNING TECHNOLOGY,CIO,Registered,2015-01-20T00:00:00,,Submission Received,2024-02-01T00:00:00,2025-01-31T00:00:00,473704.0,508794.0,3 Bignell Park Barns,Chesterton,Oxfordshire,,,OX26 1TD,01865819009,enquiries@alt.ac.uk,https://www.alt.ac.uk/,,False,False,0.0,,1.0,0.0,,"ALT's mission is to ensure that the use of Learning Technology is effective and efficient, informed by research and practice, and grounded in an understanding of the underlying technologies, their capabilities and the situations into which they are placed. We pursue our mission by improving practice, promoting research and influencing policy.",1.0,0.0,2026-03-05T00:00:00,1160039,True,1,AR25,2024-02-01T00:00:00,1738281600000,2025-11-30T00:00:00,2025-11-26T00:00:00,473704,508794,,,,,,0.0,,0.0,,0.0,,,0.0,,0.0,0.0,0.0,0.0,0.0,0.0,,,,,,,,,,,,,,,,,,300.0,"['Throughout England And Wales', 'Scotland', 'Northern Ireland']","['Region', 'Country']",National,q5
2026-02-13T00:00:00,312847,312847,0,THE ROYAL COLLEGE OF ORGANISTS,Other,Registered,1966-02-07T00:00:00,,Submission Received,2023-07-01T00:00:00,2024-06-30T00:00:00,562774.0,707824.0,PO Box 7328,New Milton,Hampshire,,,BH25 9DU,02038656998,admin@rco.org.uk,www.rco.org.uk,,False,False,0.0,,0.0,0.0,,To promote and advance the arts and practice of organ playing and choral directing and related activities to the highest standards of competence and artistry; To set and maintain proper standards in such arts for the benefit of the public;To educate musicians in such arts and practices;To promote study and research in such arts and practices,1.0,0.0,2026-03-05T00:00:00,312847,True,1,AR25,2024-07-01T00:00:00,1751241600000,2026-04-30T00:00:00,2026-02-23T00:00:00,523065,742149,,,,,,0.0,,0.0,,0.0,,,0.0,,1.0,0.0,1.0,0.0,0.0,1.0,1.0,,,,,,,,,,,,,,,,,0.0,"['Scotland', 'Northern Ireland', 'Throughout England And Wales']","['Country', 'Region']",National,q5
2026-02-13T00:00:00,5018503,1143189,0,THE CENTRE FOR SUSTAINABLE HEALTHCARE,Charitable company,Registered,2011-08-01T00:00:00,,Submission Received,2024-01-01T00:00:00,2024-12-31T00:00:00,1279455.0,1495234.0,Suite 310,266 Banbury Road,OXFORD,,,OX2 7DL,01865515811,info@sustainablehealthcare.org.uk,www.sustainablehealthcare.org.uk,07450026,False,False,0.0,,0.0,0.0,,"Green Space & Health Programme:Engaging people to create and use green space for rest, relaxation and exercise. Clinical Programme:Improving sustainability of clinical services, includes Sustainable Surgery and Sustainable Anaesthesia Fellowships, Sustainable Ophthamology Scholars, Sustainable Healthcare Education Network and Occupational Therapy Network, Green Ward Competition.",1.0,0.0,2026-03-05T00:00:00,1143189,True,1,AR24,2024-01-01T00:00:00,1735603200000,2025-10-31T00:00:00,2025-10-13T00:00:00,1279455,1495234,,,,,,0.0,,10.0,,6.0,149350.0,554889.0,0.0,,1.0,0.0,0.0,0.0,0.0,0.0,,,,,,,,,,,,,,,,,,157.0,"['Throughout England And Wales', 'Scotland', 'Australia', 'Canada', 'Italy', 'Poland', 'Ireland', 'Singapore', 'Spain', 'United States']","['Region', 'Country']",National,q5
2026-02-13T00:00:00,5102561,1174929,0,CODE YOUR FUTURE,CIO,Registered,2017-10-02T00:00:00,,Submission Received,2024-01-01T00:00:00,2024-12-31T00:00:00,1152314.0,1005399.0,Code Your Future,4th Floor,Silverstream House,45 Fitzroy Street,Fitzrovia,London,0333 339 5250,contact@codeyourfuture.io,https://codeyourfuture.io/,,False,False,0.0,,1.0,0.0,,We offer a 6-month training program to help every single refugee and disadvantaged person with the dream of becoming a software developer,1.0,0.0,2026-03-05T00:00:00,1174929,True,1,AR24,2024-01-01T00:00:00,1735603200000,2025-10-31T00:00:00,2025-07-23T00:00:00,1152314,1005399,,,,,,0.0,,0.0,,0.0,,,1.0,1.0,0.0,0.0,0.0,0.0,0.0,1.0,2.0,,,,,,,,,,,,,,,,,400.0,"['Throughout England And Wales', 'Scotland']","['Region', 'Country']",National,q5
2026-02-13T00:00:00,5215230,1203103,0,THE HUMANE RESEARCH TRUST CIO,CIO,Registered,2023-05-17T00:00:00,,Submission Received,2024-04-01T00:00:00,2025-03-31T00:00:00,1898151.0,1018542.0,THE HUMANE RESEARCH TRUST CIO,BROOK HOUSE,29 BRAMHALL LANE SOUTH,BRAMHALL,STOCKPORT,SK7 2DN,01614398041,info@humaneresearch.org.uk,https://humaneresearch.org.uk/,,False,False,0.0,,1.0,0.0,,"The promotion and encouragement of medical and scientific research and learning for the benefit of the public and, in particular, in fields which may lead to the elimination of the use of animals in research.",1.0,1.0,2026-03-05T00:00:00,1203103,True,1,AR25,2024-04-01T00:00:00,1743379200000,2026-01-31T00:00:00,2025-11-19T00:00:00,1898151,1018542,,,,,,1.0,,0.0,,0.0,,,0.0,,0.0,0.0,0.0,0.0,0.0,1.0,1.0,,,,,,,,,,,,,,,,,9.0,"['Throughout England And Wales', 'Scotland', 'Northern Ireland']","['Region', 'Country']",National,q5
2026-02-13T00:00:00,263121,263121,0,THE GENERAL CHURCH OF THE NEW JERUSALEM COUNCIL LIMITED,Charitable company,Registered,1971-11-11T00:00:00,,Submission Received,2024-04-06T00:00:00,2025-04-05T00:00:00,507158.0,53179.0,24 PUMBRO,STONESFIELD,WITNEY,,,OX29 8QF,01993891700,mrkburniston@gmail.com,,01023523,False,False,0.0,,0.0,0.0,,"To support the activities of the General Church of The New Jerusalem (and its members) in the furtherance of its objects - to present, teach and maintain the doctrines of The New Jerusalem Church as contained in the writings of Emmanuel Swedenborg.",1.0,1.0,2026-03-05T00:00:00,263121,True,1,AR25,2024-04-06T00:00:00,1743811200000,2026-02-05T00:00:00,2026-01-16T00:00:00,507158,53179,,,,,,1.0,,0.0,,0.0,,,0.0,,0.0,0.0,0.0,0.0,0.0,,,,,,,,,,,,,,,,,,,5.0,"['Throughout England And Wales', 'Scotland']","['Region', 'Country']",National,q5
2026-02-13T00:00:00,1053866,1053866,0,Family Fund Trust,Charitable company,Registered,1996-03-19T00:00:00,,Submission Received,2024-04-01T00:00:00,2025-03-31T00:00:00,44882000.0,45488000.0,The Family Fund,Unit 3,"Alpha Court, Monks Cross Drive",Huntington,YORK,YO32 9WN,01904550055,info@familyfund.org.uk,www.familyfund.org.uk,03166627,False,False,0.0,,0.0,0.0,,"THE FAMILY FUND HELPS FAMILIES WITH SEVERELY DISABLED OR SERIOUSLY ILL CHILDREN TO HAVE CHOICES AND THE OPPORTUNITY TO ENJOY ORDINARY LIFE.  WE SUPPORT FAMILIES WITH SIGNPOSTING AND INFORMATION AND GIVE GRANTS FOR THINGS THAT MAKE LIFE EASIER AND MORE ENJOYABLE FOR THE DISABLED CHILD AND THEIR FAMILY, SUCH AS WASHING MACHINES,  HOSPITAL VISITING COSTS, COMPUTERS AND FAMILY BREAKS.",1.0,1.0,2026-03-05T00:00:00,1053866,True,1,AR25,2024-04-01T00:00:00,1743379200000,2026-01-31T00:00:00,2025-12-11T00:00:00,44882000,45488000,,,,,,1.0,,1.0,,5.0,2709820.0,31674000.0,1.0,1.0,0.0,0.0,0.0,0.0,0.0,1.0,,4.0,1.0,3.0,,,,,1.0,,,,,,,,,1.0,"['Throughout England And Wales', 'Scotland', 'Northern Ireland']","['Region', 'Country']",National,q5
2026-02-13T00:00:00,5156886,1189690,0,MARYLEBONE CHRISTIAN CHARITY,CIO,Registered,2020-05-28T00:00:00,,Submission Received Late,2024-03-01T00:00:00,2025-02-28T00:00:00,1090474.0,37327.0,BRECON HOUSE,THE CLOSE,LONDON,,,N20 8PJ,07974415943,JonathanGLewis@MAC.COM,,,False,False,0.0,,1.0,0.0,,none,1.0,1.0,2026-03-05T00:00:00,1189690,True,1,AR25,2024-03-01T00:00:00,1740700800000,2025-12-28T00:00:00,2026-01-31T00:00:00,1090474,37327,,,,,,0.0,,0.0,,0.0,,,0.0,,0.0,0.0,0.0,0.0,0.0,,,,,,,,,,,,,,,,,,,0.0,['Throughout London'],['Region'],Regional,q5
2026-02-13T00:00:00,3104436,1062075,0,CMC : PENSARN HARBOUR,Charitable company,Registered,1997-04-24T00:00:00,,Submission Received,2023-11-01T00:00:00,2024-10-31T00:00:00,490725.0,423248.0,CMC PENSARN HARBOUR LLANBEDR,GWYNEDD,NORTH WALES,,,LL45 2HS,01341241646,office@cmcadventure.org.uk,www.cmcadventure.org.uk,03324934,False,False,0.0,,0.0,0.0,,Outdoor education and training for people from all walks of life.,1.0,1.0,2026-03-05T00:00:00,1062075,True,1,AR24,2023-11-01T00:00:00,1730332800000,2025-08-31T00:00:00,2025-04-25T00:00:00,490725,423248,,,,,,0.0,,0.0,,0.0,,,0.0,,0.0,0.0,0.0,0.0,0.0,0.0,,,,,,,,,,,,,,,,,,6.0,['Throughout England And Wales'],['Region'],Regional,q5
2026-02-13T00:00:00,279699,279699,0,NORTH KENSINGTON LAW CENTRE,Charitable company,Registered,1980-04-28T00:00:00,,Submission Received,2024-04-01T00:00:00,2025-03-31T00:00:00,704917.0,605988.0,Unit 24,Baseline Studios,,London,Greater London,W11 4AT,02089697473,info@nklc.org.uk,www.nklc.org.uk,01480110,False,False,0.0,,0.0,0.0,,North Kensington Law Centre provides a free and or subsidised independent specialist legal service to the community and promotes access to legal rights and equality of opportunity.,0.0,0.0,2026-03-05T00:00:00,279699,True,1,AR25,2024-04-01T00:00:00,1743379200000,2026-01-31T00:00:00,2026-01-20T00:00:00,704917,605988,,,,,,0.0,,0.0,,3.0,,401664.0,0.0,,1.0,0.0,1.0,0.0,0.0,0.0,,,,,,,,,,,,,,,,,,16.0,['Throughout London'],['Region'],Regional,q5
2026-02-13T00:00:00,5174020,1195032,0,GAMLEARN,CIO,Registered,2021-07-01T00:00:00,,Submission Received,2024-01-01T00:00:00,2024-12-31T00:00:00,309562.0,283596.0,GamLEARN,63-66 HATTON GARDEN,LONDON,,,EC1N 8LE,07825433199,info@gamlearn.org.uk,www.gamlearn.org.uk,,False,False,0.0,,1.0,0.0,,.,1.0,0.0,2026-03-05T00:00:00,1195032,True,1,AR24,2024-01-01T00:00:00,1735603200000,2025-10-31T00:00:00,2025-10-29T00:00:00,309562,283596,,,,,,0.0,,0.0,,0.0,,,0.0,,0.0,0.0,0.0,0.0,0.0,0.0,,,,,,,,,,,,,,,,,,0.0,['Throughout England And Wales'],['Region'],Regional,q5
2026-02-13T00:00:00,5163478,1191125,0,SHIFT ORGANISATION LTD,Charitable company,Registered,2020-09-03T00:00:00,,Submission Received,2024-04-01T00:00:00,2025-03-31T00:00:00,2816963.0,2052332.0,Coram Campus,41 Brunswick Square,,London,,,07915301846,amy.ludlow@shiftuk.org,https://www.shiftuk.org,11928188,False,False,0.0,,0.0,0.0,,"SHiFT will break the destructive cycle of children and young people committing crimes so that, instead, they make a positive contribution to our society and build better lives for themselves.",1.0,0.0,2026-03-05T00:00:00,1191125,True,1,AR25,2024-04-01T00:00:00,1743379200000,2026-01-31T00:00:00,2026-01-22T00:00:00,2816963,2052332,,,,,,0.0,,0.0,,1.0,,1800000.0,0.0,,0.0,0.0,0.0,0.0,0.0,1.0,1.0,1.0,,1.0,,,,,,,,,,,,,,0.0,['Throughout England And Wales'],['Region'],Regional,q5
2026-02-13T00:00:00,4037663,1123290,0,LITTLE HEARTS MATTER,Charitable company,Registered,2008-03-20T00:00:00,,Submission Received,2024-01-01T00:00:00,2024-12-31T00:00:00,576612.0,621672.0,Little Hearts Matter,40 Vicarage Road,Edgbaston,BIRMINGHAM,,B15 3EZ,01214558982,info@lhm.org.uk,www.lhm.org.uk,06442071,False,False,0.0,,0.0,0.0,,"Support & advice via telephone helplines, information on diagnoses & treatment, putting families in touch with others with similar experiences through regional support groups, updates & ongoing contact via regular members newsletters, education events for families to meet & learn from medical experts, raising the profile of these conditions etc., etc.,",1.0,0.0,2026-03-05T00:00:00,1123290,True,1,AR24,2024-01-01T00:00:00,1735603200000,2025-10-31T00:00:00,2025-07-11T00:00:00,576612,621672,,,,,,0.0,,0.0,,0.0,,,0.0,,0.0,0.0,0.0,0.0,0.0,0.0,,,,,,,,,,,,,,,,,,8.0,['Throughout England And Wales'],['Region'],Regional,q5
2026-02-13T00:00:00,219278,219278,0,PRISON ADVICE AND CARE TRUST (PACT),Charitable company,Registered,1963-05-13T00:00:00,,Submission Received,2024-04-01T00:00:00,2025-03-31T00:00:00,9798000.0,10466000.0,15 Lantern Close,LONDON,,,,SW15 5QS,02077359535,info@prisonadvice.org.uk,prisonadvice.org.uk,00356443,False,False,0.0,,0.0,0.0,,"Pact supports people affected by imprisonment to cope and to make a fresh start, including prisoners, people with convictions, their children and families. Our work reduces harm and reoffending. We work in prisons of all types, in courts and in communities. We reduce the risk of suicide and self-harm, safeguard children and vulnerable adults, and maintain and strengthen family relationships.",1.0,1.0,2026-03-05T00:00:00,219278,True,1,AR25,2024-04-01T00:00:00,1743379200000,2026-01-31T00:00:00,2025-10-29T00:00:00,9798000,10466000,,,,,,0.0,,75.0,,4.0,6124481.0,695461.0,0.0,,0.0,0.0,0.0,0.0,0.0,1.0,4.0,2.0,1.0,1.0,,,,,,,,,,,,,,1557.0,['Throughout England And Wales'],['Region'],Regional,q5
2026-02-13T00:00:00,280698,280698,0,BRENT COMMUNITY TRANSPORT,Charitable company,Registered,1980-08-21T00:00:00,,Submission Received Late,2024-04-01T00:00:00,2025-03-31T00:00:00,1007837.0,996156.0,OFFICE 301,10 COURTENAY ROAD,EAST LANE BUSINESS PARK,WEMBLEY,,HA9 7ND ,02031147022,info@brentct.org.uk,www.brentct.org.uk,01509231,False,False,0.0,,0.0,0.0,,"The company is registered as a charitable company limited by guarantee and was set up by a Memorandum of Association on the 4th of June 1980 . The principle object of the company is to provide and to promote the education and relieve the need, hardship, distress, sickness and mental or physical handicap of persons resident or working in the London Borough of Brent and its surroundings districts.",0.0,0.0,2026-03-05T00:00:00,280698,True,1,AR25,2024-04-01T00:00:00,1743379200000,2026-01-31T00:00:00,2026-02-04T00:00:00,1007837,996156,,,,,,0.0,,2.0,,1.0,638197.0,17949.0,1.0,1.0,0.0,0.0,0.0,0.0,0.0,0.0,,,,,,,,,,,,,,,,,,0.0,['Throughout London'],['Region'],Regional,q5
2026-02-13T00:00:00,4047804,1134493,0,IRON AID FOUNDATION,Charitable company,Registered,2010-02-24T00:00:00,,Submission Received,2024-02-01T00:00:00,2025-01-31T00:00:00,744162.0,179884.0,NORTHWOOD HILLS MASJID CC,JOEL STREET,,NORTHWOOD,,HA6 1NL,01923213313,info@ironaid.org,www.ironaid.org,07140350,False,False,0.0,,0.0,0.0,,"1) To advance the education of the Muslim community by such means as deemed charitable at law.2) To advance and promote the relief of poverty 3) The relief of sickness and the preservation of good health among the Muslim community.4) To promote social inclusion for the public benefit by preventing people from becoming socially excluded,",1.0,1.0,2026-03-05T00:00:00,1134493,True,1,AR25,2024-02-01T00:00:00,1738281600000,2025-11-30T00:00:00,2025-11-27T00:00:00,744162,179884,,,,,,0.0,,0.0,,0.0,,,0.0,,0.0,0.0,0.0,0.0,0.0,0.0,,,,,,,,,,,,,,,,,,6.0,['Throughout England'],['Region'],Regional,q5
2026-02-13T00:00:00,3952978,1071058,0,CHILDREN'S LINKS,Charitable company,Registered,1998-08-17T00:00:00,,Submission Received,2024-04-01T00:00:00,2025-03-31T00:00:00,3501000.0,3327000.0,Bert House,7 Bull Ring,HORNCASTLE,Lincolnshire,,LN9 5HX,01507528300,bdm@childrenslinks.org.uk,www.childrenslinks.org.uk,03484661,False,False,0.0,,0.0,0.0,,"As an innovative and growing organisation, focused on customers and stakeholders, we have grown a wide range of services in response to needs and identified gaps.  Our services include those that support babies, children, young people, their parents and carers, the communities they live in, employers, and other children and young people organisations.",1.0,1.0,2026-03-05T00:00:00,1071058,True,1,AR25,2024-04-01T00:00:00,1743379200000,2026-01-31T00:00:00,2026-01-05T00:00:00,3501000,3327000,,,,,,0.0,,9.0,,12.0,1753000.0,139000.0,1.0,1.0,0.0,0.0,0.0,0.0,0.0,0.0,,,,,,,,,,,,,,,,,,22.0,['Throughout England'],['Region'],Regional,q5
2026-02-13T00:00:00,5087073,1169166,0,THE STAFF COLLEGE: LEADERSHIP IN HEALTHCARE,Charitable company,Registered,2016-09-13T00:00:00,,Submission Received,2023-09-01T00:00:00,2024-08-31T00:00:00,560808.0,584953.0,C/O ADPH,Temple Chambers,3-7 Temple Avenue,Temple,London,EC4Y 0DA,07962 868 008,info@staffcollege.org,http://www.staffcollege.org/,10316815,False,False,0.0,,0.0,0.0,,"Design and delivery of leadership development programmes and interventions, predominantly for leaders within health and social care.",1.0,0.0,2026-03-05T00:00:00,1169166,True,1,AR24,2023-09-01T00:00:00,1725062400000,2025-06-30T00:00:00,2024-12-06T00:00:00,560808,584953,,,,,,0.0,,1.0,,0.0,173340.0,,0.0,,0.0,0.0,0.0,0.0,0.0,1.0,1.0,,,,,,,,,,,,,,,,,0.0,['Throughout England'],['Region'],Regional,q5
2026-02-13T00:00:00,313000,313000,0,THE LONDON DIOCESAN BOARD FOR SCHOOLS,Charitable company,Registered,1967-01-26T00:00:00,,Submission Received,2024-04-01T00:00:00,2025-03-31T00:00:00,7359000.0,6419000.0,LONDON DIOCESAN BOARD FOR SCHOOLS,LONDON DIOCESAN HOUSE,36 CAUSTON STREET,LONDON,,SW1P 4AU,02038375152,penny.roberts@london.anglican.org,www.ldbs.co.uk,00198131,False,False,0.0,,0.0,0.0,,Working alongside schools in the Diocese of London to support them in their task of providing high quality education inspired by Christian values and faith.We also promote co-operation between the Board and bodies or persons concerned in any respect with education in the Diocese.Most of our activites are focused on the 156 Church of England schools in the Diocese of London.,1.0,1.0,2026-03-05T00:00:00,313000,True,1,AR25,2024-04-01T00:00:00,1743379200000,2026-01-31T00:00:00,2025-12-19T00:00:00,7359000,6419000,,,,,,0.0,,0.0,,0.0,,,1.0,1.0,0.0,0.0,0.0,0.0,0.0,1.0,1.0,3.0,4.0,1.0,,1.0,,,,,,,,,,,,0.0,"['Throughout London', 'Surrey']","['Region', 'Local Authority']",Regional,q5
2026-02-13T00:00:00,5015373,1142956,0,Sale Sharks Foundation,Charitable company,Registered,2011-07-19T00:00:00,,Submission Received,2023-07-01T00:00:00,2024-06-30T00:00:00,951143.0,907968.0,Sale Sharks,31 Carrington Lane,Carrington,MANCHESTER,,M31 4AB,0161 672 9928,Foundation@salesharks.com,www.salesharks.com,07461043,False,False,0.0,,0.0,0.0,,"To promote community participation in healthy recreation by providing or assisting to provide facilities for the playing of  sports, recreation or other leisure time occupation capable of improving health or for people who require such facilities by reason of their youth, age, infirmity or disablement, poverty, social and economic circumstances or for the public at large",0.0,0.0,2026-03-05T00:00:00,1142956,True,1,AR24,2023-07-01T00:00:00,1719705600000,2025-04-30T00:00:00,2025-04-04T00:00:00,951143,907968,,,,,,1.0,,13.0,,1.0,47108.0,40000.0,0.0,,0.0,0.0,0.0,0.0,0.0,1.0,1.0,,,,,,,,,,,,,,,,,12.0,['Throughout England'],['Region'],Regional,q5
2026-02-13T00:00:00,4017942,1111010,0,ANSON CHARITABLE TRUST,Trust,Registered,2005-08-24T00:00:00,,Submission Received,2024-04-06T00:00:00,2025-04-05T00:00:00,416292.0,389677.0,THE LILIES,HIGH STREET,WEEDON,AYLESBURY,,HP22 4NS,01296640331,mail@ansoncharitabletrust.org.uk,www.ansoncharitabletrust.org.uk,,False,False,0.0,,0.0,0.0,,General charitable purposes.,1.0,0.0,2026-03-05T00:00:00,1111010,True,1,AR25,2024-04-06T00:00:00,1743811200000,2026-02-05T00:00:00,2026-01-14T00:00:00,416292,389677,,,,,,1.0,,0.0,,0.0,,,0.0,,0.0,0.0,0.0,0.0,0.0,,,,,,,,,,,,,,,,,,,0.0,['Throughout England And Wales'],['Region'],Regional,q5
2026-02-13T00:00:00,4009202,1104831,0,GEFEN FOUNDATION,Charitable company,Registered,2004-07-09T00:00:00,,Submission Received,2023-06-01T00:00:00,2024-05-31T00:00:00,385435.0,360170.0,6 BRANTWOOD ROAD,SALFORD,,,,M7 4FL,0161 772 0099,,,05117797,False,False,0.0,,0.0,0.0,,To pursue the objects of the charity with all the resources available to the charity.,1.0,1.0,2026-03-05T00:00:00,1104831,True,1,AR25,2024-06-01T00:00:00,1748649600000,2026-03-31T00:00:00,2026-02-27T00:00:00,372818,323867,,,,,,1.0,,0.0,,0.0,,,0.0,,0.0,0.0,0.0,0.0,0.0,,,,,,,,,,,,,,,,,,,0.0,['Throughout England And Wales'],['Region'],Regional,q5
